"4a. U.S. Petroleum and Other Liquids Supply, Consumption, and Inventories"
"https://www.eia.gov/outlooks/steo/data/browser/#/?v=9&f=M&s=0&start=199701&end=202212&maptype=0&ctype=linechart&linechart=COPRPUS"
"Tue Mar 23 2021 19:18:05 GMT+0100 (Mitteleurop√§ische Normalzeit)"
"Source: U.S. Energy Information Administration"
"remove","","map","linechart","units","source key","Jan 1997","Feb 1997","Mar 1997","Apr 1997","May 1997","Jun 1997","Jul 1997","Aug 1997","Sep 1997","Oct 1997","Nov 1997","Dec 1997","Jan 1998","Feb 1998","Mar 1998","Apr 1998","May 1998","Jun 1998","Jul 1998","Aug 1998","Sep 1998","Oct 1998","Nov 1998","Dec 1998","Jan 1999","Feb 1999","Mar 1999","Apr 1999","May 1999","Jun 1999","Jul 1999","Aug 1999","Sep 1999","Oct 1999","Nov 1999","Dec 1999","Jan 2000","Feb 2000","Mar 2000","Apr 2000","May 2000","Jun 2000","Jul 2000","Aug 2000","Sep 2000","Oct 2000","Nov 2000","Dec 2000","Jan 2001","Feb 2001","Mar 2001","Apr 2001","May 2001","Jun 2001","Jul 2001","Aug 2001","Sep 2001","Oct 2001","Nov 2001","Dec 2001","Jan 2002","Feb 2002","Mar 2002","Apr 2002","May 2002","Jun 2002","Jul 2002","Aug 2002","Sep 2002","Oct 2002","Nov 2002","Dec 2002","Jan 2003","Feb 2003","Mar 2003","Apr 2003","May 2003","Jun 2003","Jul 2003","Aug 2003","Sep 2003","Oct 2003","Nov 2003","Dec 2003","Jan 2004","Feb 2004","Mar 2004","Apr 2004","May 2004","Jun 2004","Jul 2004","Aug 2004","Sep 2004","Oct 2004","Nov 2004","Dec 2004","Jan 2005","Feb 2005","Mar 2005","Apr 2005","May 2005","Jun 2005","Jul 2005","Aug 2005","Sep 2005","Oct 2005","Nov 2005","Dec 2005","Jan 2006","Feb 2006","Mar 2006","Apr 2006","May 2006","Jun 2006","Jul 2006","Aug 2006","Sep 2006","Oct 2006","Nov 2006","Dec 2006","Jan 2007","Feb 2007","Mar 2007","Apr 2007","May 2007","Jun 2007","Jul 2007","Aug 2007","Sep 2007","Oct 2007","Nov 2007","Dec 2007","Jan 2008","Feb 2008","Mar 2008","Apr 2008","May 2008","Jun 2008","Jul 2008","Aug 2008","Sep 2008","Oct 2008","Nov 2008","Dec 2008","Jan 2009","Feb 2009","Mar 2009","Apr 2009","May 2009","Jun 2009","Jul 2009","Aug 2009","Sep 2009","Oct 2009","Nov 2009","Dec 2009","Jan 2010","Feb 2010","Mar 2010","Apr 2010","May 2010","Jun 2010","Jul 2010","Aug 2010","Sep 2010","Oct 2010","Nov 2010","Dec 2010","Jan 2011","Feb 2011","Mar 2011","Apr 2011","May 2011","Jun 2011","Jul 2011","Aug 2011","Sep 2011","Oct 2011","Nov 2011","Dec 2011","Jan 2012","Feb 2012","Mar 2012","Apr 2012","May 2012","Jun 2012","Jul 2012","Aug 2012","Sep 2012","Oct 2012","Nov 2012","Dec 2012","Jan 2013","Feb 2013","Mar 2013","Apr 2013","May 2013","Jun 2013","Jul 2013","Aug 2013","Sep 2013","Oct 2013","Nov 2013","Dec 2013","Jan 2014","Feb 2014","Mar 2014","Apr 2014","May 2014","Jun 2014","Jul 2014","Aug 2014","Sep 2014","Oct 2014","Nov 2014","Dec 2014","Jan 2015","Feb 2015","Mar 2015","Apr 2015","May 2015","Jun 2015","Jul 2015","Aug 2015","Sep 2015","Oct 2015","Nov 2015","Dec 2015","Jan 2016","Feb 2016","Mar 2016","Apr 2016","May 2016","Jun 2016","Jul 2016","Aug 2016","Sep 2016","Oct 2016","Nov 2016","Dec 2016","Jan 2017","Feb 2017","Mar 2017","Apr 2017","May 2017","Jun 2017","Jul 2017","Aug 2017","Sep 2017","Oct 2017","Nov 2017","Dec 2017","Jan 2018","Feb 2018","Mar 2018","Apr 2018","May 2018","Jun 2018","Jul 2018","Aug 2018","Sep 2018","Oct 2018","Nov 2018","Dec 2018","Jan 2019","Feb 2019","Mar 2019","Apr 2019","May 2019","Jun 2019","Jul 2019","Aug 2019","Sep 2019","Oct 2019","Nov 2019","Dec 2019","Jan 2020","Feb 2020","Mar 2020","Apr 2020","May 2020","Jun 2020","Jul 2020","Aug 2020","Sep 2020","Oct 2020","Nov 2020","Dec 2020","Jan 2021","Feb 2021","Mar 2021","Apr 2021","May 2021","Jun 2021","Jul 2021","Aug 2021","Sep 2021","Oct 2021","Nov 2021","Dec 2021","Jan 2022","Feb 2022","Mar 2022","Apr 2022","May 2022","Jun 2022","Jul 2022","Aug 2022","Sep 2022","Oct 2022","Nov 2022","Dec 2022"
"4a. U.S. Petroleum and Other Liquids Supply, Consumption, and Inventories","4a. U.S. Petroleum and Other Liquids Supply, Consumption, and Inventories",0,0,,,,,,,,,,,,,,,,,,,,,,,,,,,,,,,,,,,,,,,,,,,,,,,,,,,,,,,,,,,,,,,,,,,,,,,,,,,,,,,,,,,,,,,,,,,,,,,,,,,,,,,,,,,,,,,,,,,,,,,,,,,,,,,,,,,,,,,,,,,,,,,,,,,,,,,,,,,,,,,,,,,,,,,,,,,,,,,,,,,,,,,,,,,,,,,,,,,,,,,,,,,,,,,,,,,,,,,,,,,,,,,,,,,,,,,,,,,,,,,,,,,,,,,,,,,,,,,,,,,,,,,,,,,,,,,,,,,,,,,,,,,,,,,,,,,,,,,,,,,,,,,,,,,,,,,,,,
"Supply","Supply",0,0,"million barrels per day",,,,,,,,,,,,,,,,,,,,,,,,,,,,,,,,,,,,,,,,,,,,,,,,,,,,,,,,,,,,,,,,,,,,,,,,,,,,,,,,,,,,,,,,,,,,,,,,,,,,,,,,,,,,,,,,,,,,,,,,,,,,,,,,,,,,,,,,,,,,,,,,,,,,,,,,,,,,,,,,,,,,,,,,,,,,,,,,,,,,,,,,,,,,,,,,,,,,,,,,,,,,,,,,,,,,,,,,,,,,,,,,,,,,,,,,,,,,,,,,,,,,,,,,,,,,,,,,,,,,,,,,,,,,,,,,,,,,,,,,,,,,,,,,,,,,,,,,,,,,,,,,,,,,,,,,,
"Crude Oil Supply","Crude Oil Supply",0,0,,,,,,,,,,,,,,,,,,,,,,,,,,,,,,,,,,,,,,,,,,,,,,,,,,,,,,,,,,,,,,,,,,,,,,,,,,,,,,,,,,,,,,,,,,,,,,,,,,,,,,,,,,,,,,,,,,,,,,,,,,,,,,,,,,,,,,,,,,,,,,,,,,,,,,,,,,,,,,,,,,,,,,,,,,,,,,,,,,,,,,,,,,,,,,,,,,,,,,,,,,,,,,,,,,,,,,,,,,,,,,,,,,,,,,,,,,,,,,,,,,,,,,,,,,,,,,,,,,,,,,,,,,,,,,,,,,,,,,,,,,,,,,,,,,,,,,,,,,,,,,,,,,,,,,,,,,
"Domestic Production","Crude Oil Production: Total U.S.",1,1,"million barrels per day","COPRPUS",6.40,6.51,6.45,6.44,6.47,6.44,6.41,6.35,6.49,6.47,6.46,6.53,6.54,6.48,6.41,6.48,6.35,6.27,6.19,6.20,5.79,6.14,6.14,6.04,5.96,5.97,5.88,5.89,5.87,5.76,5.80,5.78,5.80,5.95,5.96,5.96,5.78,5.85,5.92,5.85,5.85,5.82,5.74,5.79,5.76,5.81,5.83,5.86,5.80,5.78,5.88,5.86,5.83,5.77,5.75,5.73,5.71,5.75,5.88,5.89,5.87,5.88,5.89,5.84,5.91,5.88,5.75,5.80,5.41,5.36,5.62,5.72,5.76,5.78,5.80,5.73,5.66,5.66,5.50,5.57,5.61,5.61,5.55,5.57,5.58,5.57,5.62,5.56,5.56,5.41,5.48,5.32,5.08,5.17,5.42,5.51,5.45,5.50,5.60,5.56,5.60,5.44,5.25,5.20,4.21,4.55,4.86,4.99,5.05,5.03,5.03,5.08,5.15,5.16,5.09,5.04,5.03,5.11,5.06,5.19,5.11,5.12,5.12,5.18,5.21,5.08,5.04,4.97,4.90,5.02,5.03,5.11,5.12,5.15,5.19,5.18,5.14,5.14,5.18,5.00,3.97,4.74,5.08,5.10,5.14,5.24,5.22,5.28,5.38,5.27,5.40,5.42,5.56,5.52,5.39,5.45,5.40,5.55,5.52,5.39,5.40,5.38,5.30,5.45,5.62,5.63,5.58,5.61,5.49,5.40,5.62,5.56,5.62,5.59,5.44,5.66,5.61,5.90,6.04,6.05,6.17,6.27,6.33,6.32,6.37,6.27,6.42,6.35,6.60,6.97,7.08,7.10,7.08,7.15,7.21,7.37,7.33,7.28,7.52,7.53,7.84,7.76,7.92,7.93,8.07,8.15,8.29,8.52,8.64,8.75,8.85,8.92,9.08,9.26,9.32,9.57,9.39,9.51,9.59,9.66,9.48,9.36,9.45,9.42,9.49,9.41,9.34,9.28,9.20,9.07,9.09,8.87,8.83,8.67,8.66,8.69,8.54,8.84,8.91,8.85,8.87,9.11,9.19,9.11,9.21,9.13,9.27,9.26,9.53,9.67,10.09,9.99,10.00,10.26,10.49,10.50,10.46,10.60,10.90,11.38,11.46,11.55,11.91,12.00,11.87,11.68,11.94,12.13,12.16,12.09,11.82,12.42,12.50,12.67,12.86,12.80,12.75,12.75,12.74,12.01,10.02,10.44,10.97,10.58,10.87,10.44,11.12,11.06,10.94,10.39,10.99,11.04,11.04,11.09,11.19,11.28,11.34,11.33,11.52,11.54,11.59,11.66,11.76,11.84,11.81,11.86,11.98,12.20,12.31,12.26,12.47,12.50
"Alaska","Crude Oil Production: Alaska",1,1,"million barrels per day","PAPRPAK",1.38,1.38,1.33,1.33,1.30,1.26,1.24,1.20,1.28,1.29,1.28,1.29,1.23,1.24,1.22,1.20,1.17,1.13,1.16,1.13,1.09,1.20,1.17,1.16,1.16,1.10,1.13,1.06,1.09,0.97,0.99,1.01,0.93,1.07,1.02,1.06,1.02,1.03,1.01,1.01,0.97,0.93,0.91,0.91,0.89,0.97,0.99,1.01,0.98,0.98,1.01,0.99,0.96,0.93,0.93,0.93,0.89,0.89,1.02,1.05,1.04,1.03,1.04,1.01,1.00,1.02,0.93,0.96,0.89,0.98,0.91,1.01,0.98,1.02,1.02,0.97,0.99,0.99,0.93,0.94,0.96,0.97,0.96,0.96,0.98,0.93,0.98,0.95,0.94,0.92,0.81,0.70,0.87,0.93,0.95,0.94,0.92,0.92,0.92,0.89,0.89,0.83,0.78,0.84,0.82,0.86,0.87,0.84,0.83,0.82,0.75,0.80,0.80,0.78,0.68,0.62,0.66,0.71,0.65,0.79,0.77,0.75,0.75,0.74,0.77,0.71,0.72,0.64,0.64,0.70,0.74,0.73,0.71,0.71,0.73,0.70,0.69,0.66,0.64,0.54,0.68,0.72,0.73,0.70,0.68,0.71,0.71,0.65,0.68,0.57,0.55,0.57,0.65,0.66,0.66,0.65,0.64,0.64,0.65,0.64,0.57,0.53,0.54,0.54,0.61,0.62,0.61,0.61,0.46,0.61,0.61,0.61,0.58,0.55,0.45,0.53,0.58,0.57,0.59,0.59,0.59,0.58,0.57,0.55,0.55,0.49,0.42,0.40,0.50,0.55,0.55,0.56,0.55,0.54,0.53,0.52,0.52,0.49,0.49,0.43,0.51,0.52,0.54,0.55,0.54,0.52,0.53,0.54,0.52,0.48,0.42,0.40,0.48,0.50,0.51,0.51,0.50,0.49,0.51,0.51,0.47,0.45,0.45,0.41,0.47,0.50,0.52,0.52,0.52,0.51,0.51,0.49,0.51,0.47,0.44,0.46,0.45,0.50,0.51,0.52,0.52,0.52,0.53,0.53,0.51,0.46,0.42,0.45,0.48,0.51,0.51,0.51,0.51,0.51,0.51,0.50,0.50,0.45,0.39,0.43,0.47,0.49,0.50,0.50,0.50,0.49,0.48,0.48,0.47,0.45,0.45,0.38,0.45,0.47,0.48,0.48,0.48,0.48,0.47,0.46,0.40,0.36,0.44,0.44,0.44,0.46,0.46,0.46,0.47,0.47,0.44,0.44,0.36,0.35,0.37,0.42,0.43,0.44,0.44,0.42,0.43,0.43,0.44,0.44,0.33,0.30,0.35,0.42,0.43,0.41,0.41,0.38
"Federal Gulf of Mexico","Crude Oil Production: Federal Gulf of Mexico",1,1,"million barrels per day","PAPRPGLF",1.05,1.08,1.07,1.07,1.10,1.15,1.13,1.14,1.17,1.19,1.20,1.22,1.24,1.22,1.25,1.30,1.28,1.26,1.25,1.30,0.94,1.23,1.22,1.25,1.26,1.26,1.25,1.32,1.33,1.35,1.39,1.36,1.40,1.42,1.45,1.45,1.32,1.35,1.43,1.39,1.43,1.46,1.43,1.46,1.46,1.47,1.47,1.47,1.48,1.44,1.50,1.51,1.55,1.54,1.55,1.53,1.56,1.57,1.59,1.60,1.58,1.59,1.59,1.59,1.67,1.67,1.64,1.65,1.36,1.24,1.52,1.55,1.58,1.60,1.60,1.57,1.53,1.54,1.46,1.53,1.52,1.53,1.48,1.50,1.52,1.55,1.53,1.51,1.53,1.44,1.63,1.57,1.18,1.19,1.42,1.48,1.49,1.49,1.56,1.57,1.62,1.56,1.45,1.36,0.47,0.69,0.95,1.13,1.20,1.17,1.21,1.23,1.29,1.33,1.37,1.39,1.32,1.33,1.33,1.33,1.34,1.33,1.28,1.34,1.35,1.30,1.27,1.26,1.18,1.27,1.18,1.29,1.30,1.34,1.31,1.31,1.30,1.33,1.37,1.27,0.24,0.80,1.09,1.20,1.28,1.32,1.36,1.47,1.55,1.56,1.74,1.73,1.75,1.73,1.56,1.68,1.66,1.71,1.60,1.48,1.54,1.54,1.43,1.56,1.59,1.57,1.48,1.49,1.56,1.41,1.39,1.35,1.37,1.33,1.21,1.27,1.09,1.29,1.28,1.26,1.31,1.33,1.37,1.27,1.20,1.11,1.25,1.10,1.18,1.33,1.37,1.38,1.33,1.32,1.25,1.34,1.20,1.12,1.24,1.19,1.32,1.18,1.30,1.29,1.30,1.33,1.32,1.42,1.41,1.41,1.43,1.44,1.42,1.43,1.39,1.45,1.45,1.46,1.38,1.50,1.40,1.41,1.57,1.63,1.66,1.58,1.52,1.60,1.59,1.55,1.61,1.57,1.59,1.55,1.57,1.62,1.51,1.61,1.68,1.74,1.75,1.75,1.78,1.66,1.68,1.63,1.76,1.72,1.69,1.48,1.70,1.57,1.64,1.71,1.70,1.60,1.54,1.66,1.87,1.95,1.80,1.75,1.95,1.92,1.92,1.74,1.93,1.96,1.91,1.92,1.53,2.05,1.92,1.91,2.00,1.97,1.98,1.97,1.93,1.91,1.61,1.56,1.65,1.19,1.50,1.06,1.70,1.77,1.67,1.65,1.79,1.78,1.77,1.74,1.72,1.67,1.66,1.58,1.73,1.75,1.74,1.74,1.75,1.75,1.74,1.73,1.72,1.79,1.81,1.72,1.88,1.91
"Other Lower 48 States (excl. GOM)","Crude Oil Production: Lower 48 States (ex GOM)",1,1,"million barrels per day","PAPR48NGOM",3.98,4.05,4.05,4.04,4.07,4.04,4.05,4.01,4.04,4.00,3.99,4.02,4.07,4.02,3.94,3.98,3.89,3.87,3.79,3.77,3.76,3.72,3.75,3.63,3.54,3.60,3.50,3.51,3.46,3.44,3.42,3.41,3.47,3.46,3.49,3.45,3.44,3.47,3.48,3.45,3.45,3.44,3.40,3.41,3.40,3.38,3.38,3.37,3.33,3.37,3.37,3.36,3.32,3.29,3.27,3.27,3.25,3.28,3.27,3.24,3.26,3.26,3.26,3.24,3.23,3.20,3.18,3.19,3.16,3.13,3.20,3.16,3.19,3.17,3.18,3.18,3.14,3.12,3.11,3.10,3.12,3.12,3.10,3.12,3.08,3.09,3.11,3.10,3.09,3.05,3.04,3.06,3.03,3.05,3.06,3.08,3.04,3.09,3.12,3.10,3.08,3.05,3.03,3.00,2.93,3.00,3.03,3.02,3.02,3.04,3.07,3.05,3.06,3.05,3.04,3.03,3.06,3.06,3.08,3.07,3.00,3.04,3.10,3.10,3.09,3.06,3.05,3.07,3.08,3.05,3.11,3.09,3.10,3.10,3.15,3.16,3.16,3.16,3.17,3.19,3.05,3.22,3.26,3.20,3.18,3.21,3.15,3.16,3.15,3.14,3.11,3.11,3.15,3.14,3.17,3.12,3.11,3.21,3.27,3.27,3.29,3.30,3.32,3.35,3.42,3.45,3.49,3.50,3.47,3.38,3.62,3.61,3.67,3.71,3.78,3.87,3.94,4.04,4.16,4.20,4.27,4.36,4.38,4.51,4.63,4.66,4.76,4.85,4.92,5.09,5.15,5.16,5.20,5.30,5.42,5.51,5.61,5.67,5.79,5.92,6.01,6.06,6.08,6.10,6.23,6.31,6.44,6.56,6.71,6.85,7.00,7.09,7.18,7.33,7.42,7.60,7.44,7.57,7.70,7.65,7.60,7.50,7.43,7.38,7.36,7.33,7.29,7.15,7.09,7.01,6.97,6.81,6.74,6.65,6.66,6.61,6.58,6.74,6.71,6.59,6.60,6.84,6.89,6.93,7.02,7.04,7.09,7.09,7.36,7.68,7.88,7.91,7.85,8.04,8.27,8.40,8.42,8.49,8.64,9.00,9.19,9.32,9.46,9.59,9.45,9.45,9.53,9.70,9.77,9.72,9.84,10.00,10.13,10.28,10.38,10.35,10.29,10.30,10.34,9.64,8.00,8.52,8.88,8.95,8.93,8.92,8.96,8.83,8.80,8.27,8.75,8.82,8.91,9.01,9.09,9.18,9.25,9.31,9.35,9.37,9.42,9.48,9.56,9.66,9.74,9.83,9.92,10.00,10.06,10.13,10.18,10.21
"Crude Oil Net Imports","Crude Oil Net Imports",1,1,"million barrels per day","CONIPUS",7.35,7.20,7.62,7.89,8.63,8.70,8.11,8.51,8.72,8.77,8.33,7.52,8.11,7.85,8.02,8.82,8.84,8.73,9.40,9.13,8.47,8.58,8.88,8.26,8.29,8.35,8.64,8.92,9.01,8.77,9.27,8.78,8.50,8.56,8.14,8.10,7.65,8.29,8.65,9.22,9.05,9.52,9.38,9.92,9.46,8.96,8.91,9.21,8.92,8.58,9.57,10.11,9.82,9.09,9.54,9.35,9.33,9.20,9.31,8.83,8.70,8.75,8.79,9.29,9.32,9.32,9.15,9.54,8.79,9.53,9.64,8.74,8.62,8.47,9.22,9.92,10.14,9.99,10.03,10.02,10.28,10.05,9.33,9.68,9.34,9.31,10.07,10.06,10.43,10.49,10.28,10.45,9.66,10.34,10.20,10.07,9.96,10.20,10.21,10.18,10.38,10.74,10.34,10.39,9.13,9.43,10.21,9.97,9.74,9.97,9.72,9.83,10.28,10.68,10.22,10.55,10.69,10.07,9.86,9.53,10.20,8.98,10.35,10.14,10.29,9.96,9.91,10.27,10.27,9.77,9.98,9.81,10.07,9.62,9.61,9.97,9.65,10.00,10.10,10.28,8.41,10.04,9.91,9.37,9.74,9.04,9.35,9.35,8.74,9.08,9.06,8.78,9.21,8.49,8.69,8.10,8.46,8.70,9.30,9.69,9.62,9.90,9.86,9.51,9.17,8.52,8.67,8.65,9.11,8.15,9.15,8.80,9.02,9.20,9.20,8.90,8.88,8.86,8.66,8.66,8.45,8.49,8.70,8.59,8.91,9.15,8.63,8.60,8.31,8.04,8.11,7.53,7.85,7.16,7.39,7.62,7.61,7.61,7.95,8.03,7.82,7.36,7.16,7.55,7.34,6.95,7.02,7.27,6.86,6.67,7.21,7.08,7.15,6.77,6.77,6.80,6.68,6.66,7.15,6.61,6.72,6.88,6.81,7.26,6.82,6.60,7.05,7.51,7.13,7.46,7.42,6.99,7.14,7.03,7.56,7.30,7.27,7.07,7.42,7.35,7.77,6.73,7.23,7.08,7.39,7.22,6.96,7.11,5.86,5.96,6.13,6.26,6.66,5.76,5.65,6.33,5.77,6.21,5.63,6.13,5.58,5.10,5.14,4.71,4.92,3.76,4.11,4.09,4.20,4.05,4.23,4.19,3.39,2.83,2.74,3.30,3.16,2.81,2.74,2.44,3.16,3.64,2.64,2.13,2.16,2.36,2.84,2.34,2.97,2.86,1.59,3.00,3.72,3.54,4.12,4.19,3.75,3.24,3.69,4.07,3.53,3.06,3.70,4.08,4.43,4.44,4.39,4.54,4.15,3.52,3.52,3.86
"SPR Net Withdrawals","Crude Oil Net SPR Withdrawals",1,1,"million barrels per day","COSQ_DRAW",0.08,0.00,0.00,0.00,0.00,0.00,0.00,0.00,0.00,0.00,0.00,0.00,-0.00,0.00,0.00,0.00,-0.00,-0.00,0.00,0.00,0.00,-0.02,-0.15,-0.09,-0.02,0.00,0.00,-0.02,-0.04,-0.04,-0.03,0.03,-0.02,0.10,0.11,0.06,-0.04,-0.03,-0.00,0.00,0.00,0.02,-0.05,-0.03,0.03,0.19,0.57,0.22,-0.03,-0.00,-0.02,-0.00,-0.03,0.00,-0.01,0.00,-0.03,-0.01,-0.07,-0.09,-0.14,-0.19,-0.05,-0.18,-0.15,-0.17,-0.07,-0.12,-0.17,-0.08,-0.21,-0.10,-0.01,0.00,0.00,-0.01,-0.11,-0.18,-0.12,-0.19,-0.20,-0.21,-0.09,-0.15,-0.09,-0.20,-0.17,-0.20,-0.10,-0.03,-0.11,-0.11,-0.04,-0.00,-0.08,-0.09,-0.13,-0.08,-0.20,-0.12,-0.07,-0.08,-0.08,-0.06,0.24,0.27,-0.01,0.04,0.04,-0.05,-0.04,-0.06,-0.02,0.03,0.00,0.00,0.00,-0.02,0.00,0.00,0.00,0.00,0.00,-0.03,-0.03,0.00,0.00,-0.01,-0.08,-0.04,-0.05,-0.05,-0.05,-0.02,-0.05,-0.04,-0.09,-0.06,-0.04,0.00,0.16,0.02,0.00,0.00,-0.06,-0.06,-0.23,-0.20,-0.09,-0.08,0.00,0.00,-0.03,0.00,-0.03,-0.02,0.00,0.00,0.00,0.00,0.00,0.00,0.00,0.00,0.00,-0.00,0.00,0.00,0.00,0.00,0.00,0.00,0.00,0.00,0.27,0.70,0.02,0.00,0.00,0.00,0.00,0.00,0.00,0.00,0.00,0.00,0.00,0.00,0.03,0.00,0.00,-0.01,-0.02,-0.01,0.00,0.00,0.00,0.00,0.00,0.00,0.00,0.00,0.00,0.00,0.00,0.00,0.00,0.09,0.08,0.00,0.00,0.00,0.00,0.00,0.00,0.00,0.00,0.00,0.00,0.00,-0.05,-0.05,-0.04,0.00,0.00,0.00,0.00,0.00,0.00,0.00,0.00,0.00,0.00,0.00,0.00,0.00,0.00,0.00,0.00,0.00,0.00,0.01,0.11,0.09,0.14,0.18,0.01,0.00,0.17,0.15,0.26,-0.05,-0.05,-0.04,0.00,0.05,0.12,0.01,0.00,0.00,0.00,0.17,0.18,0.01,0.00,0.00,0.00,0.02,0.12,0.00,0.00,0.00,0.00,0.12,0.21,0.00,0.00,0.00,0.00,-0.10,-0.34,-0.26,-0.00,0.28,0.18,0.12,0.02,-0.00,0.00,0.02,0.04,0.10,0.09,0.10,0.09,0.05,0.06,0.05,0.05,0.05,0.05,0.05,0.05,0.05,0.05,0.05,0.05,0.02,0.02,0.10,0.11,0.10
"Commercial Inventory Net Withdrawals","Crude Oil Net Commercial Inventory Withdrawals",1,1,"million barrels per day","COSX_DRAW",-0.54,0.12,-0.52,-0.20,-0.23,0.20,0.34,0.28,-0.10,-0.39,-0.25,0.61,-0.39,-0.04,-0.54,-0.56,0.01,0.62,-0.19,0.29,0.64,-0.66,-0.17,0.38,-0.28,-0.05,-0.37,0.32,-0.15,0.28,-0.00,0.54,0.39,-0.02,0.19,0.45,0.02,-0.07,-0.36,-0.22,0.29,0.14,0.27,-0.16,0.31,0.00,-0.29,0.03,-0.28,0.42,-0.84,-0.73,0.07,0.67,-0.15,0.16,-0.05,-0.13,0.03,0.01,-0.27,-0.25,-0.20,0.30,-0.08,0.32,0.43,0.26,0.85,-0.67,0.11,0.34,0.12,0.11,-0.34,-0.33,0.19,0.03,-0.01,0.18,-0.24,-0.26,0.45,0.40,-0.09,-0.44,-0.42,-0.20,-0.04,-0.01,0.34,0.51,0.19,-0.44,-0.05,0.08,0.50,-0.56,-0.56,-0.61,0.05,0.27,0.31,0.28,0.11,-0.51,-0.01,-0.04,0.01,-0.68,-0.00,-0.16,0.22,0.13,0.17,-0.04,0.00,-0.20,0.16,0.72,-0.37,0.25,-0.43,-0.38,-0.36,-0.03,0.56,0.52,0.31,0.13,0.26,0.44,-0.33,-0.20,-0.41,-0.17,0.52,0.26,0.01,-0.23,-0.05,-0.28,-0.30,-0.14,-0.80,-0.22,-0.29,-0.12,0.36,0.41,0.05,0.31,0.02,0.09,-0.15,0.38,-0.29,-0.22,-0.52,-0.14,0.04,-0.12,0.26,-0.05,-0.12,-0.15,0.51,0.62,-0.37,-0.12,-0.37,-0.20,-0.05,0.41,0.30,-0.02,0.55,-0.22,0.01,0.21,-0.31,-0.17,-0.80,-0.31,-0.22,0.05,0.50,0.33,-0.23,-0.20,-0.10,0.47,-0.37,-0.27,-0.25,-0.10,0.14,0.48,0.30,0.07,-0.23,-0.28,0.28,0.55,-0.29,-0.32,-0.31,-0.35,-0.00,0.37,0.50,0.25,-0.04,-0.63,-0.17,-0.13,-0.91,-0.93,-0.90,-0.32,0.12,0.34,0.45,-0.03,-0.11,-0.84,-0.03,0.22,-0.73,-0.70,-0.41,-0.15,-0.08,0.37,0.24,0.22,0.50,-0.63,0.02,0.20,-0.72,-0.67,-0.43,0.48,0.24,0.51,0.59,0.76,-0.32,0.32,0.22,1.01,0.03,-0.11,-0.04,-0.39,0.08,0.63,0.18,0.07,-0.30,-0.55,-0.52,0.22,-0.21,-0.10,-0.23,-0.36,-0.37,0.59,0.71,0.37,0.15,-0.57,-0.08,0.42,-0.32,-0.39,-0.91,-1.56,0.26,-0.37,0.41,0.49,0.22,0.12,-0.23,0.49,0.40,-0.42,-0.13,-0.10,0.03,0.48,0.44,0.28,-0.01,-0.31,-0.07,0.38,-0.12,-0.23,-0.39,-0.26,0.00,0.29,0.49,0.36,-0.03,-0.31,-0.09,0.35
"Crude Oil Adjustment","Crude Oil Adjustment",1,1,"million barrels per day","COUNPUS",0.38,-0.35,0.50,0.17,0.26,-0.17,0.14,0.13,0.20,0.00,0.17,0.27,0.06,-0.26,0.74,0.34,0.12,-0.13,0.14,0.10,-0.04,-0.05,0.07,0.25,0.49,0.05,0.34,-0.02,0.27,0.20,0.20,0.18,0.44,-0.00,0.31,-0.16,0.36,-0.01,0.41,0.21,0.30,0.14,0.47,0.13,-0.16,0.07,-0.00,-0.09,0.39,0.02,0.06,0.30,0.07,0.12,0.24,0.02,0.04,0.20,-0.16,0.06,0.32,0.12,0.10,0.07,0.30,0.05,0.17,-0.13,-0.03,0.17,-0.02,0.20,-0.15,0.02,0.25,0.27,0.03,0.12,0.16,0.12,-0.01,0.15,0.22,-0.15,0.03,0.46,-0.31,0.32,0.15,0.39,0.15,-0.03,0.09,-0.12,0.18,0.18,0.01,0.09,0.17,0.48,-0.06,0.03,0.03,-0.14,0.30,-0.10,-0.02,0.09,-0.03,0.31,-0.12,0.24,-0.11,-0.15,0.23,0.24,0.02,0.06,-0.08,-0.08,0.05,0.08,-0.20,0.13,0.27,0.24,0.16,-0.07,-0.18,0.05,-0.08,-0.12,-0.00,0.08,0.02,-0.14,0.05,0.08,0.00,-0.11,0.27,0.03,-0.09,0.01,0.13,0.13,0.08,0.08,0.10,0.17,0.13,0.08,-0.04,-0.01,-0.01,0.07,0.09,-0.08,0.02,0.19,0.15,0.23,0.10,0.21,0.07,0.00,-0.12,0.09,0.18,0.24,0.06,0.07,0.13,0.09,0.37,0.30,0.21,0.03,0.25,-0.07,0.07,0.03,0.25,0.00,0.04,0.17,0.11,0.04,0.20,0.04,-0.00,0.24,0.03,0.19,0.36,-0.03,0.23,0.47,0.26,0.16,0.21,0.15,0.28,0.04,0.19,0.35,0.11,0.33,0.37,0.03,-0.02,0.21,-0.12,-0.04,0.11,0.23,0.31,0.11,-0.20,0.32,0.13,0.18,0.21,0.06,-0.03,0.27,0.10,-0.27,0.35,0.02,-0.01,0.21,0.34,0.37,0.16,0.39,0.03,0.18,-0.10,0.12,0.19,0.31,-0.06,0.20,0.25,0.16,0.50,-0.15,0.21,-0.04,0.14,0.06,-0.04,0.07,0.56,0.27,0.55,0.21,0.65,0.04,0.25,0.15,0.46,0.46,0.21,0.51,0.12,0.46,0.60,0.51,0.42,0.31,0.37,0.63,0.76,0.27,0.64,0.70,0.66,-0.01,-0.15,0.27,0.32,0.66,0.14,0.41,0.37,0.25,0.39,0.03,0.22,0.15,0.22,0.28,0.24,0.20,0.24,0.16,0.16,0.17,0.24,0.20,0.22,0.15,0.22,0.28,0.24,0.20,0.24,0.16,0.16,0.17
"Total Crude Oil Input to Refineries","Crude Oil Refinery Inputs",1,1,"million barrels per day","CORIPUS",13.66,13.48,14.05,14.30,15.12,15.17,14.99,15.27,15.31,14.85,14.71,14.93,14.32,14.02,14.64,15.09,15.32,15.48,15.55,15.72,14.85,13.99,14.77,14.84,14.44,14.31,14.50,15.09,14.97,14.96,15.24,15.30,15.11,14.59,14.70,14.41,13.78,14.03,14.61,15.05,15.49,15.64,15.82,15.64,15.41,15.03,15.02,15.23,14.79,14.81,14.65,15.54,15.76,15.65,15.37,15.26,15.01,15.00,15.00,14.69,14.49,14.31,14.53,15.32,15.30,15.40,15.43,15.34,14.86,14.30,15.15,14.90,14.34,14.38,14.93,15.57,15.91,15.62,15.55,15.69,15.45,15.34,15.46,15.35,14.78,14.71,14.79,15.54,15.99,16.24,16.14,16.14,14.98,14.94,15.66,15.75,15.25,15.14,15.21,15.49,15.91,16.40,15.85,15.66,13.99,13.65,15.03,15.05,14.80,14.58,14.58,14.93,15.52,15.84,15.70,15.79,15.74,15.01,15.01,15.35,14.99,14.44,14.84,15.05,15.38,15.25,15.67,15.69,15.23,14.93,15.15,15.20,14.80,14.63,14.36,14.80,15.26,15.42,15.26,14.95,12.76,14.55,14.61,14.35,14.15,14.13,14.12,14.38,14.48,14.85,14.64,14.59,14.71,14.10,13.90,13.98,13.67,13.95,14.31,15.13,15.22,15.38,15.52,15.11,14.74,14.00,14.64,14.98,14.42,13.68,14.45,14.23,14.72,15.29,15.59,15.56,15.27,14.57,14.96,14.84,14.37,14.62,14.48,14.61,15.10,15.64,15.67,15.32,14.91,14.84,15.09,15.33,14.57,14.23,14.70,14.86,15.30,15.83,16.04,15.79,15.64,14.99,15.63,16.07,15.31,15.13,15.12,15.86,15.95,15.82,16.53,16.46,16.07,15.36,16.04,16.47,15.46,15.34,15.64,16.27,16.40,16.70,16.88,16.70,16.17,15.44,16.46,16.74,15.95,15.84,16.08,15.92,16.24,16.43,16.62,16.59,16.34,15.45,16.24,16.52,16.12,15.49,16.05,16.95,17.22,17.20,17.32,16.98,15.46,16.06,16.84,17.27,16.60,15.94,16.67,16.77,16.97,17.67,17.36,17.62,16.99,16.41,17.16,17.41,16.78,15.85,15.93,16.34,16.72,17.24,17.18,17.30,16.40,15.68,16.48,16.79,16.23,15.87,15.23,12.79,12.96,13.73,14.34,14.15,13.57,13.44,14.12,14.14,14.70,12.89,12.71,14.19,15.10,15.49,16.07,15.99,15.38,14.47,15.34,16.20,15.28,14.74,15.34,15.86,16.51,16.92,17.14,17.31,16.70,15.73,16.16,16.98
"Other Supply","Other Supply",0,0,,,,,,,,,,,,,,,,,,,,,,,,,,,,,,,,,,,,,,,,,,,,,,,,,,,,,,,,,,,,,,,,,,,,,,,,,,,,,,,,,,,,,,,,,,,,,,,,,,,,,,,,,,,,,,,,,,,,,,,,,,,,,,,,,,,,,,,,,,,,,,,,,,,,,,,,,,,,,,,,,,,,,,,,,,,,,,,,,,,,,,,,,,,,,,,,,,,,,,,,,,,,,,,,,,,,,,,,,,,,,,,,,,,,,,,,,,,,,,,,,,,,,,,,,,,,,,,,,,,,,,,,,,,,,,,,,,,,,,,,,,,,,,,,,,,,,,,,,,,,,,,,,,,,,,,,,,
"Refinery Processing Gain","Refinery Processing Gain",1,1,"million barrels per day","PAGLPUS",0.76,0.82,0.78,0.81,0.86,0.86,0.86,0.87,0.88,0.89,0.89,0.91,0.85,0.82,0.85,0.87,0.90,0.87,0.87,0.93,0.88,0.87,0.97,0.94,0.85,0.86,0.75,0.87,0.83,0.88,0.87,0.90,0.92,0.97,0.94,1.00,0.93,0.90,0.98,0.92,0.94,0.97,0.90,0.93,0.99,0.93,1.00,0.97,0.92,0.93,0.85,0.90,0.91,0.88,0.90,0.85,0.87,0.96,0.97,0.88,0.94,0.95,0.98,0.93,0.99,0.95,0.95,0.95,0.94,0.91,0.97,1.02,0.93,0.92,0.96,0.94,0.96,0.98,0.94,1.01,1.01,0.92,1.00,1.11,1.02,1.04,1.00,1.07,1.05,1.01,1.02,1.08,0.99,1.06,1.12,1.16,1.00,1.02,0.94,1.05,1.04,1.02,0.93,0.99,0.96,0.86,1.03,1.05,1.00,1.03,0.91,0.94,0.98,0.97,1.00,1.08,1.03,0.99,0.96,1.05,1.03,0.96,0.94,0.95,0.94,1.01,1.02,1.01,0.99,0.98,1.01,1.09,1.07,0.96,0.93,0.94,1.07,1.01,1.03,1.04,0.87,1.02,1.00,0.97,0.95,0.93,0.91,0.98,0.97,1.04,0.99,1.00,1.03,0.96,0.94,1.03,0.96,1.06,1.06,1.03,1.07,1.08,1.11,1.12,1.06,1.01,1.05,1.19,1.02,0.95,1.02,1.01,1.08,1.11,1.12,1.13,1.12,1.08,1.11,1.13,1.05,1.06,1.07,1.03,1.09,1.10,1.07,1.05,1.00,1.01,1.03,1.15,1.06,0.97,1.01,1.09,1.04,1.09,1.13,1.11,1.14,1.08,1.13,1.18,1.11,1.06,0.99,1.08,1.01,1.12,1.11,1.16,1.02,1.03,1.18,1.10,1.08,1.02,1.01,1.07,1.08,1.03,1.09,1.10,1.05,1.04,1.06,1.11,1.12,1.07,1.05,1.10,1.16,1.11,1.19,1.15,1.12,1.09,1.11,1.14,1.14,1.06,1.11,1.15,1.14,1.16,1.10,1.11,1.01,1.08,1.15,1.13,1.10,1.10,1.10,1.11,1.14,1.13,1.17,1.19,1.14,1.12,1.15,1.21,1.11,1.01,1.04,1.07,1.06,1.08,1.07,1.10,1.02,1.01,1.13,1.13,1.14,0.94,0.98,0.77,0.81,0.87,0.94,0.92,0.95,0.92,0.93,0.92,1.00,1.01,0.90,1.01,1.08,1.10,1.06,1.09,1.05,0.99,1.05,1.12,1.07,1.05,1.05,1.05,1.10,1.11,1.12,1.17,1.13,1.09,1.13,1.21
"Natural Gas Plant Liquids Production","Natural Gas Plant Liquids Production",1,1,"million barrels per day","NLPRPUS",1.78,1.87,1.88,1.82,1.82,1.83,1.82,1.83,1.84,1.81,1.73,1.77,1.80,1.86,1.85,1.87,1.83,1.75,1.59,1.72,1.72,1.74,1.77,1.62,1.66,1.72,1.79,1.81,1.79,1.87,1.90,1.87,1.92,1.95,1.95,1.96,1.96,1.99,1.99,1.97,1.94,1.92,1.93,1.94,1.92,1.92,1.88,1.58,1.40,1.73,1.83,1.83,1.91,1.91,1.90,1.96,2.03,2.02,2.00,1.89,1.83,1.90,1.90,1.93,1.94,1.87,1.85,1.94,1.90,1.88,1.89,1.76,1.76,1.81,1.73,1.70,1.56,1.58,1.65,1.70,1.76,1.82,1.84,1.72,1.80,1.80,1.83,1.78,1.78,1.74,1.81,1.86,1.80,1.82,1.87,1.82,1.81,1.87,1.87,1.84,1.85,1.79,1.75,1.72,1.49,1.54,1.62,1.46,1.68,1.68,1.70,1.74,1.75,1.76,1.76,1.73,1.78,1.77,1.77,1.74,1.68,1.71,1.78,1.76,1.79,1.78,1.79,1.77,1.79,1.84,1.89,1.83,1.79,1.85,1.87,1.89,1.89,1.84,1.86,1.81,1.51,1.75,1.74,1.61,1.71,1.82,1.89,1.89,1.95,1.93,1.91,1.92,1.96,1.98,2.00,1.96,2.02,2.04,2.08,2.06,2.09,2.05,1.99,2.07,2.10,2.12,2.14,2.12,2.11,2.01,2.19,2.19,2.23,2.19,2.21,2.23,2.17,2.31,2.37,2.36,2.38,2.40,2.38,2.38,2.39,2.34,2.33,2.37,2.46,2.51,2.54,2.42,2.38,2.49,2.48,2.51,2.56,2.54,2.62,2.72,2.79,2.77,2.75,2.66,2.70,2.71,2.83,2.95,2.96,3.09,3.11,3.14,3.19,3.20,3.12,3.16,3.05,3.16,3.24,3.38,3.34,3.32,3.36,3.42,3.44,3.49,3.50,3.42,3.34,3.37,3.56,3.57,3.67,3.66,3.60,3.41,3.43,3.54,3.60,3.35,3.40,3.63,3.69,3.68,3.77,3.81,3.82,3.76,3.73,4.02,4.11,3.97,3.85,4.06,4.20,4.29,4.35,4.34,4.45,4.60,4.64,4.59,4.56,4.48,4.55,4.71,4.73,4.79,4.84,4.79,4.71,4.77,4.99,5.02,4.99,4.99,5.15,4.97,5.25,4.93,4.74,5.20,5.37,5.32,5.31,5.30,5.32,5.06,4.99,4.34,5.08,5.29,5.47,5.44,5.56,5.58,5.65,5.68,5.69,5.55,5.45,5.53,5.71,5.78,5.88,5.82,5.81,5.91,5.93,5.98,5.98,5.87
"Renewables and Oxygenates Production","Other HC/Oxygenates Production",1,1,"million barrels per day","PARNPUS",0.08,0.08,0.08,0.08,0.10,0.07,0.09,0.07,0.08,0.09,0.08,0.10,0.10,0.08,0.08,0.10,0.08,0.09,0.08,0.09,0.10,0.09,0.10,0.11,0.10,0.09,0.09,0.11,0.09,0.08,0.08,0.09,0.10,0.10,0.10,0.11,0.10,0.10,0.10,0.11,0.11,0.10,0.11,0.09,0.10,0.11,0.11,0.12,0.12,0.12,0.11,0.11,0.11,0.11,0.11,0.11,0.12,0.12,0.13,0.12,0.14,0.12,0.13,0.13,0.13,0.12,0.13,0.14,0.14,0.16,0.17,0.18,0.18,0.17,0.17,0.18,0.17,0.18,0.18,0.18,0.19,0.19,0.19,0.21,0.21,0.21,0.21,0.22,0.22,0.22,0.22,0.23,0.23,0.23,0.23,0.23,0.24,0.24,0.24,0.24,0.24,0.25,0.26,0.26,0.26,0.27,0.28,0.28,0.29,0.30,0.30,0.29,0.29,0.32,0.32,0.33,0.34,0.34,0.35,0.36,0.37,0.39,0.38,0.39,0.41,0.42,0.42,0.44,0.45,0.46,0.49,0.49,0.52,0.54,0.57,0.57,0.61,0.59,0.61,0.65,0.64,0.65,0.67,0.66,0.66,0.69,0.68,0.68,0.71,0.74,0.77,0.78,0.77,0.79,0.83,0.84,0.85,0.87,0.90,0.88,0.89,0.91,0.91,0.91,0.91,0.92,0.97,0.96,0.98,0.97,1.00,0.99,0.99,1.01,1.00,1.03,1.01,1.02,1.08,1.09,1.02,1.01,0.99,1.00,1.02,1.00,0.93,0.95,0.92,0.90,0.91,0.90,0.89,0.90,0.95,0.97,1.01,1.03,1.02,1.00,1.00,1.05,1.08,1.10,1.00,1.00,1.02,1.04,1.06,1.09,1.09,1.05,1.06,1.04,1.06,1.13,1.05,1.05,1.05,1.06,1.10,1.14,1.12,1.10,1.09,1.10,1.11,1.12,1.11,1.13,1.14,1.09,1.14,1.18,1.18,1.19,1.16,1.15,1.19,1.21,1.18,1.17,1.18,1.14,1.18,1.19,1.19,1.22,1.18,1.21,1.26,1.24,1.21,1.22,1.21,1.20,1.22,1.25,1.27,1.28,1.21,1.21,1.24,1.22,1.11,1.11,1.08,1.13,1.15,1.15,1.15,1.13,1.07,1.09,1.13,1.15,1.16,1.14,1.05,0.67,0.78,0.97,1.03,1.02,1.03,1.05,1.10,1.07,1.02,0.93,1.02,1.02,1.06,1.08,1.10,1.12,1.07,1.06,1.11,1.10,1.09,1.07,1.08,1.07,1.11,1.13,1.11,1.13,1.09,1.09,1.14,1.14
"Fuel Ethanol Production","Fuel Ethanol Production",1,1,"million barrels per day","EOPRPUS",0.08,0.08,0.08,0.08,0.10,0.07,0.09,0.07,0.08,0.09,0.08,0.10,0.10,0.08,0.08,0.10,0.08,0.09,0.08,0.09,0.10,0.09,0.10,0.11,0.10,0.09,0.09,0.11,0.09,0.08,0.08,0.09,0.10,0.10,0.10,0.11,0.10,0.10,0.10,0.11,0.11,0.10,0.11,0.09,0.10,0.11,0.11,0.12,0.12,0.12,0.11,0.11,0.11,0.11,0.11,0.11,0.12,0.12,0.13,0.12,0.14,0.12,0.13,0.13,0.13,0.12,0.13,0.14,0.14,0.16,0.17,0.18,0.18,0.17,0.17,0.18,0.17,0.18,0.18,0.18,0.19,0.19,0.19,0.21,0.21,0.21,0.21,0.22,0.22,0.22,0.22,0.23,0.23,0.23,0.23,0.23,0.24,0.24,0.24,0.24,0.24,0.25,0.26,0.26,0.26,0.27,0.28,0.28,0.29,0.30,0.30,0.29,0.29,0.32,0.32,0.33,0.34,0.34,0.35,0.36,0.37,0.39,0.38,0.39,0.41,0.42,0.42,0.44,0.45,0.46,0.49,0.49,0.52,0.54,0.57,0.57,0.61,0.59,0.61,0.65,0.64,0.65,0.67,0.66,0.63,0.65,0.65,0.65,0.68,0.70,0.74,0.75,0.74,0.76,0.80,0.81,0.83,0.85,0.85,0.85,0.85,0.85,0.86,0.87,0.87,0.89,0.92,0.92,0.92,0.90,0.91,0.88,0.89,0.91,0.89,0.90,0.89,0.90,0.95,0.96,0.94,0.92,0.89,0.88,0.89,0.88,0.81,0.84,0.81,0.81,0.82,0.83,0.80,0.80,0.83,0.85,0.88,0.89,0.87,0.85,0.85,0.90,0.93,0.95,0.91,0.90,0.91,0.92,0.93,0.95,0.95,0.92,0.93,0.92,0.95,0.99,0.96,0.96,0.95,0.93,0.96,0.99,0.98,0.96,0.95,0.96,0.99,1.00,0.98,0.99,1.00,0.94,0.98,1.01,1.02,1.03,1.00,1.00,1.02,1.05,1.06,1.05,1.04,0.99,1.03,1.03,1.01,1.05,1.02,1.04,1.09,1.06,1.05,1.06,1.04,1.02,1.04,1.06,1.08,1.09,1.02,1.04,1.05,1.02,1.02,1.02,1.00,1.03,1.05,1.06,1.05,1.03,0.97,1.00,1.05,1.07,1.08,1.05,0.95,0.56,0.68,0.87,0.93,0.92,0.93,0.95,1.00,0.97,0.94,0.84,0.92,0.92,0.96,0.97,0.99,1.01,0.97,0.97,1.00,0.99,0.99,0.97,0.98,0.97,1.00,1.01,0.99,1.01,0.99,0.99,1.02,1.02
"Petroleum Products Adjustment","Petroleum Products Adjustment",1,1,"million barrels per day","PAFPPUS",0.21,0.24,0.23,0.26,0.24,0.27,0.29,0.29,0.26,0.25,0.29,0.26,0.33,0.32,0.25,0.24,0.27,0.36,0.29,0.29,0.28,0.28,0.29,0.29,0.28,0.29,0.26,0.22,0.33,0.28,0.24,0.32,0.31,0.28,0.26,0.29,0.25,0.28,0.25,0.30,0.30,0.26,0.29,0.26,0.28,0.31,0.27,0.20,0.22,0.26,0.30,0.26,0.30,0.28,0.31,0.27,0.27,0.27,0.27,0.23,0.26,0.23,0.22,0.31,0.33,0.30,0.28,0.32,0.29,0.25,0.30,0.25,0.25,0.24,0.24,0.19,0.32,0.23,0.26,0.23,0.32,0.21,0.18,0.21,0.18,0.20,0.21,0.18,0.19,0.22,0.20,0.23,0.21,0.21,0.21,0.16,0.19,0.17,0.20,0.19,0.21,0.21,0.18,0.21,0.15,0.16,0.15,0.16,0.19,0.16,0.15,0.18,0.17,0.19,0.21,0.21,0.18,0.16,0.16,0.16,0.18,0.16,0.20,0.20,0.20,0.18,0.19,0.19,0.21,0.18,0.18,0.19,0.17,0.19,0.18,0.18,0.19,0.17,0.19,0.21,0.13,0.19,0.19,0.19,0.15,0.11,0.15,0.14,0.13,0.15,0.14,0.16,0.16,0.16,0.14,0.14,0.15,0.16,0.13,0.17,0.18,0.13,0.19,0.17,0.17,0.16,0.19,0.19,0.18,0.16,0.17,0.18,0.17,0.17,0.16,0.19,0.17,0.18,0.19,0.20,0.19,0.19,0.17,0.16,0.19,0.20,0.19,0.20,0.21,0.19,0.20,0.20,0.19,0.18,0.19,0.21,0.21,0.19,0.22,0.24,0.22,0.21,0.22,0.22,0.21,0.19,0.20,0.22,0.22,0.24,0.23,0.22,0.21,0.23,0.24,0.24,0.21,0.20,0.20,0.20,0.22,0.21,0.23,0.20,0.21,0.20,0.23,0.22,0.23,0.21,0.20,0.23,0.23,0.20,0.23,0.22,0.21,0.19,0.20,0.23,0.18,0.21,0.22,0.20,0.21,0.24,0.21,0.23,0.20,0.21,0.23,0.22,0.22,0.16,0.23,0.21,0.19,0.22,0.19,0.21,0.22,0.19,0.21,0.25,0.23,0.22,0.21,0.20,0.20,0.22,0.21,0.21,0.20,0.19,0.22,0.22,0.22,0.21,0.22,0.20,0.20,0.18,0.20,0.20,0.19,0.20,0.18,0.19,0.20,0.20,0.19,0.20,0.20,0.21,0.21,0.21,0.21,0.20,0.21,0.22,0.21,0.20,0.21,0.21,0.22,0.22,0.22,0.22,0.22,0.21,0.22,0.23
"Product Net Imports","Petroleum Product Net Imports",1,1,"million barrels per day","PANIPUS",1.58,1.28,1.17,1.26,1.22,0.93,0.92,0.87,0.67,0.91,0.67,0.76,0.88,1.26,1.01,1.35,1.10,1.14,1.38,0.85,1.20,1.64,1.02,1.15,1.24,1.49,1.47,1.25,1.48,1.61,1.46,1.46,1.12,1.40,1.12,0.79,1.28,1.98,1.32,1.15,1.45,1.48,1.36,1.20,1.40,1.01,1.31,1.60,2.73,2.14,1.77,1.61,1.52,1.61,1.40,1.26,1.58,1.39,1.37,0.94,1.58,1.01,1.49,1.68,1.50,1.68,1.68,1.16,1.19,1.33,1.53,1.31,1.18,1.53,1.90,1.64,1.45,2.06,1.74,1.78,1.53,1.34,1.60,1.31,1.92,2.30,2.26,1.67,1.90,2.00,2.21,2.15,2.05,2.02,2.22,1.73,2.12,2.29,1.72,1.97,2.25,2.05,2.32,2.17,3.25,3.93,2.92,2.47,3.00,2.32,2.01,2.21,2.69,2.24,2.38,2.89,2.25,1.74,1.79,2.03,2.06,1.84,2.34,2.34,2.47,2.26,2.34,1.88,2.01,1.88,1.44,1.51,1.88,1.20,1.18,1.63,1.46,1.26,0.97,0.78,1.83,1.50,1.25,1.38,1.46,1.24,1.26,0.71,0.72,0.89,0.42,0.28,0.44,0.16,0.38,0.43,0.94,0.49,0.18,0.40,0.12,0.24,0.30,0.44,0.31,0.15,-0.17,-0.17,0.30,-0.11,-0.12,-0.12,0.05,-0.11,-0.57,-0.74,-0.83,-0.96,-0.66,-1.34,-0.41,-0.99,-1.21,-1.26,-1.00,-0.94,-1.08,-0.81,-1.00,-1.25,-1.33,-1.53,-0.64,-1.15,-0.97,-0.69,-0.91,-1.32,-1.50,-1.50,-1.41,-1.82,-1.74,-2.61,-1.95,-1.46,-1.76,-1.65,-1.58,-1.99,-2.18,-2.22,-1.91,-1.98,-2.12,-2.29,-1.79,-2.03,-1.63,-2.17,-2.07,-1.93,-2.20,-1.90,-2.31,-2.38,-2.80,-3.03,-2.40,-2.33,-2.51,-2.36,-2.70,-2.41,-2.25,-2.07,-2.51,-2.35,-2.55,-3.13,-2.67,-3.16,-3.11,-3.03,-2.89,-3.15,-3.30,-2.66,-2.40,-3.31,-3.40,-3.46,-2.84,-3.08,-3.17,-3.76,-3.26,-3.31,-3.40,-2.86,-3.10,-3.64,-4.15,-3.99,-3.13,-3.30,-3.15,-2.95,-2.54,-3.33,-2.72,-3.24,-3.35,-3.27,-3.38,-3.47,-3.76,-4.34,-4.02,-3.66,-2.22,-2.97,-3.21,-3.17,-2.99,-3.34,-3.05,-3.55,-3.80,-2.74,-1.42,-2.49,-2.90,-3.12,-3.75,-3.38,-3.18,-2.89,-3.48,-4.66,-3.07,-3.12,-3.43,-3.26,-3.49,-3.80,-4.20,-4.43,-4.41,-3.94,-4.02,-5.12
"Hydrocarbon Gas Liquids","Hydrocarbon Gas Liquids Net Imports",1,1,"million barrels per day","NLNIPUS",0.20,0.13,0.12,0.15,0.15,0.17,0.11,0.15,0.16,0.16,0.14,0.13,0.17,0.23,0.17,0.20,0.21,0.23,0.16,0.22,0.17,0.16,0.10,0.09,0.17,0.14,0.16,0.16,0.17,0.14,0.20,0.16,0.14,0.16,0.19,0.23,0.23,0.20,0.11,0.11,0.19,0.16,0.19,0.17,0.14,0.17,0.21,0.25,0.34,0.28,0.23,0.23,0.19,0.20,0.07,0.13,0.13,0.18,0.25,0.23,0.20,0.17,0.16,0.18,0.07,0.11,0.11,0.11,0.09,0.11,0.12,0.15,0.10,0.09,0.19,0.18,0.20,0.30,0.31,0.22,0.25,0.23,0.23,0.24,0.24,0.39,0.31,0.12,0.20,0.18,0.32,0.28,0.36,0.21,0.25,0.25,0.34,0.34,0.23,0.27,0.27,0.27,0.27,0.25,0.35,0.47,0.36,0.36,0.23,0.25,0.18,0.30,0.27,0.35,0.31,0.37,0.41,0.35,0.25,0.25,0.26,0.19,0.21,0.16,0.19,0.24,0.19,0.22,0.26,0.25,0.13,0.17,0.18,0.15,0.15,0.15,0.14,0.13,0.13,0.25,0.23,0.14,0.20,0.23,0.15,0.08,0.12,0.05,0.09,0.00,0.01,-0.05,0.01,0.02,0.11,0.07,0.03,0.10,0.01,-0.04,-0.04,0.03,-0.03,0.00,0.00,0.03,0.04,0.05,0.01,0.06,-0.07,-0.16,-0.14,-0.10,-0.13,-0.10,-0.10,-0.03,-0.04,0.01,-0.04,-0.13,-0.13,-0.15,-0.11,-0.17,-0.16,-0.15,-0.17,-0.19,-0.20,-0.13,-0.03,-0.17,-0.23,-0.24,-0.30,-0.19,-0.40,-0.38,-0.29,-0.45,-0.28,-0.45,-0.38,-0.27,-0.42,-0.53,-0.62,-0.55,-0.68,-0.65,-0.66,-0.69,-0.58,-0.66,-0.61,-0.82,-0.58,-0.75,-0.83,-0.80,-0.87,-0.85,-1.02,-0.79,-0.91,-0.89,-1.03,-1.00,-0.93,-1.01,-1.20,-1.00,-1.00,-0.90,-0.95,-1.06,-1.05,-1.26,-1.17,-1.18,-1.29,-1.32,-1.18,-1.09,-1.13,-1.07,-1.27,-1.25,-1.27,-1.28,-1.18,-1.21,-1.21,-1.50,-1.59,-1.48,-1.50,-1.50,-1.41,-1.42,-1.43,-1.40,-1.26,-1.27,-1.40,-1.72,-1.62,-1.69,-1.71,-1.65,-1.71,-1.88,-1.79,-1.76,-1.95,-2.04,-1.98,-1.94,-1.73,-1.92,-1.87,-1.87,-1.84,-2.12,-1.95,-2.03,-2.26,-1.66,-2.03,-2.12,-2.15,-2.19,-2.21,-2.18,-2.17,-2.19,-2.22,-2.27,-2.14,-2.09,-2.16,-2.22,-2.31,-2.34,-2.33,-2.29,-2.29,-2.29,-2.31,-2.34
"Unfnished Oils","Unfinished Oils",1,1,"million barrels per day","UONIPUS",0.42,0.35,0.25,0.40,0.45,0.34,0.37,0.34,0.28,0.37,0.33,0.34,0.30,0.27,0.36,0.27,0.33,0.31,0.20,0.23,0.35,0.45,0.32,0.24,0.35,0.30,0.26,0.31,0.34,0.48,0.33,0.33,0.32,0.30,0.23,0.24,0.31,0.34,0.27,0.25,0.29,0.34,0.20,0.20,0.32,0.23,0.22,0.32,0.40,0.40,0.38,0.34,0.38,0.38,0.43,0.40,0.43,0.33,0.37,0.31,0.41,0.35,0.43,0.45,0.49,0.45,0.43,0.38,0.45,0.41,0.40,0.28,0.42,0.29,0.32,0.26,0.38,0.38,0.32,0.33,0.34,0.31,0.30,0.35,0.46,0.50,0.52,0.51,0.44,0.38,0.55,0.60,0.50,0.46,0.45,0.50,0.41,0.44,0.38,0.53,0.66,0.74,0.66,0.58,0.80,0.72,0.52,0.54,0.65,0.64,0.55,0.69,0.73,0.68,0.85,0.82,0.70,0.63,0.68,0.65,0.75,0.69,0.78,0.83,0.81,0.72,0.75,0.62,0.66,0.59,0.73,0.67,0.85,0.75,0.66,0.70,0.76,0.82,0.78,0.68,0.75,0.84,0.80,0.77,0.70,0.71,0.66,0.61,0.82,0.76,0.83,0.60,0.71,0.56,0.68,0.49,0.54,0.51,0.50,0.60,0.57,0.55,0.62,0.69,0.65,0.74,0.63,0.66,0.80,0.61,0.70,0.75,0.68,0.65,0.68,0.67,0.73,0.65,0.67,0.64,0.60,0.50,0.47,0.50,0.64,0.67,0.58,0.52,0.74,0.64,0.60,0.70,0.53,0.51,0.51,0.55,0.69,0.55,0.66,0.61,0.65,0.61,0.44,0.22,0.22,0.33,0.47,0.47,0.47,0.35,0.33,0.30,0.39,0.33,0.36,0.41,0.35,0.29,0.25,0.31,0.33,0.28,0.50,0.30,0.40,0.19,0.25,0.09,0.32,0.41,0.33,0.44,0.41,0.53,0.50,0.44,0.33,0.44,0.33,0.33,0.45,0.34,0.43,0.32,0.31,0.45,0.38,0.39,0.46,0.50,0.41,0.42,0.41,0.42,0.37,0.28,0.41,0.34,0.28,0.43,0.34,0.35,0.30,0.24,0.34,0.11,0.28,0.53,0.48,0.41,0.54,0.47,0.40,0.55,0.48,0.52,0.45,0.28,0.20,0.06,0.30,0.38,0.39,0.35,0.28,0.22,0.29,0.08,0.32,0.41,0.34,0.44,0.38,0.49,0.45,0.42,0.43,0.41,0.26,0.22,0.28,0.13,0.19,0.26,0.27,0.24,0.30,0.29,0.31,0.26,0.17,0.17
"Other HC/Oxygenates","Other HC/Oxygenates Net Imports",1,1,"million barrels per day","OHNIPUS",0.07,0.03,0.06,0.06,0.07,0.04,0.03,0.04,0.05,0.04,0.04,0.07,0.00,-0.01,0.06,0.08,0.06,-0.01,0.02,0.00,0.05,0.03,0.07,0.04,0.04,0.05,0.04,0.04,0.06,0.03,0.07,0.05,0.07,0.04,0.03,0.03,0.05,0.03,0.05,0.02,0.08,0.05,0.03,0.07,0.05,0.05,0.08,0.02,0.07,0.03,0.04,0.06,0.05,0.07,0.05,0.05,0.07,0.05,0.05,0.04,0.06,0.04,0.05,0.02,0.04,0.04,0.05,0.00,-0.01,0.02,0.02,0.01,0.01,-0.00,0.01,0.04,0.02,0.02,0.01,0.02,0.04,0.02,-0.00,-0.00,0.02,0.01,0.01,0.02,0.02,0.04,0.01,0.02,0.01,0.03,0.01,0.01,-0.01,0.01,-0.01,-0.00,0.01,-0.02,0.01,-0.03,0.02,0.02,0.02,0.02,0.01,0.02,0.02,-0.05,-0.04,-0.04,-0.01,-0.01,0.00,-0.00,-0.00,-0.01,-0.02,-0.04,-0.07,-0.03,-0.09,-0.02,-0.02,-0.02,-0.05,-0.04,-0.05,-0.06,-0.02,-0.03,-0.04,0.00,-0.02,-0.00,-0.00,-0.00,0.05,-0.04,-0.04,-0.01,-0.02,-0.04,-0.06,-0.04,-0.04,-0.03,-0.02,-0.03,-0.05,-0.03,-0.02,-0.03,-0.05,-0.06,-0.06,-0.08,-0.06,-0.06,-0.09,-0.09,-0.09,-0.07,-0.08,-0.12,-0.10,-0.09,-0.14,-0.16,-0.10,-0.10,-0.13,-0.10,-0.10,-0.14,-0.14,-0.15,-0.13,-0.11,-0.10,-0.10,-0.11,-0.08,-0.09,-0.05,-0.05,-0.03,-0.02,-0.04,-0.05,-0.09,-0.04,-0.06,-0.08,-0.03,-0.04,-0.04,-0.04,-0.05,-0.04,-0.05,-0.10,-0.07,-0.10,-0.10,-0.06,-0.11,-0.08,-0.09,-0.07,-0.10,-0.09,-0.08,-0.08,-0.05,-0.07,-0.09,-0.10,-0.09,-0.07,-0.06,-0.05,-0.08,-0.06,-0.06,-0.13,-0.09,-0.12,-0.13,-0.10,-0.03,-0.05,-0.05,-0.07,-0.08,-0.07,-0.03,-0.13,-0.16,-0.11,-0.08,-0.11,-0.07,-0.08,-0.08,-0.11,-0.12,-0.12,-0.18,-0.14,-0.20,-0.21,-0.17,-0.12,-0.17,-0.13,-0.13,-0.13,-0.15,-0.14,-0.15,-0.08,-0.07,-0.09,-0.09,-0.06,-0.06,-0.06,-0.07,-0.03,-0.04,-0.04,-0.07,-0.08,-0.13,-0.08,-0.06,-0.04,-0.04,-0.04,-0.05,-0.03,-0.05,-0.04,-0.04,-0.10,-0.11,-0.11,-0.09,-0.08,-0.08,-0.08,-0.08,-0.07,-0.09,-0.08,-0.09,-0.09,-0.10,-0.10,-0.08,-0.07,-0.07,-0.07,-0.07,-0.07,-0.08,-0.08,-0.09
"Motor Gasoline Blend Comp.","Motor Gasoline Blend Components Net Imports",1,1,"million barrels per day","MBNIPUS",0.24,0.25,0.26,0.26,0.29,0.15,0.16,0.20,0.17,0.12,0.08,0.07,0.11,0.15,0.11,0.24,0.26,0.32,0.24,0.12,0.15,0.17,0.25,0.22,0.16,0.14,0.15,0.32,0.29,0.31,0.22,0.24,0.17,0.21,0.12,0.13,0.27,0.23,0.23,0.20,0.21,0.23,0.13,0.17,0.22,0.13,0.15,0.27,0.25,0.28,0.28,0.31,0.32,0.36,0.24,0.30,0.34,0.26,0.28,0.23,0.26,0.25,0.27,0.29,0.38,0.31,0.39,0.32,0.27,0.19,0.20,0.20,0.28,0.24,0.38,0.41,0.41,0.49,0.38,0.36,0.28,0.27,0.31,0.22,0.31,0.32,0.56,0.60,0.48,0.50,0.48,0.41,0.37,0.36,0.32,0.31,0.32,0.53,0.42,0.50,0.53,0.51,0.47,0.51,0.57,0.60,0.41,0.49,0.48,0.52,0.60,0.73,0.95,0.81,0.69,0.75,0.67,0.49,0.61,0.62,0.67,0.59,0.71,0.76,0.89,0.87,0.87,0.66,0.72,0.74,0.68,0.68,0.59,0.64,0.52,0.79,0.86,0.88,0.77,0.77,0.89,0.81,0.81,0.93,0.83,0.82,0.88,0.72,0.62,0.79,0.69,0.63,0.65,0.64,0.61,0.58,0.67,0.59,0.57,0.74,0.74,0.74,0.91,0.85,0.73,0.72,0.55,0.60,0.72,0.61,0.59,0.82,0.96,0.79,0.66,0.60,0.55,0.51,0.68,0.57,0.68,0.52,0.48,0.58,0.59,0.62,0.59,0.67,0.41,0.41,0.38,0.32,0.41,0.38,0.42,0.61,0.71,0.56,0.51,0.49,0.38,0.37,0.38,0.33,0.26,0.27,0.37,0.52,0.73,0.50,0.52,0.58,0.28,0.39,0.32,0.47,0.38,0.42,0.43,0.46,0.50,0.62,0.59,0.66,0.55,0.39,0.20,0.28,0.34,0.34,0.34,0.57,0.65,0.69,0.61,0.54,0.60,0.54,0.59,0.44,0.50,0.43,0.36,0.71,0.65,0.67,0.58,0.65,0.69,0.39,0.38,0.32,0.43,0.44,0.63,0.73,0.83,0.77,0.74,0.77,0.50,0.44,0.23,0.44,0.44,0.43,0.51,0.81,1.00,0.63,0.81,0.70,0.62,0.51,0.45,0.44,0.32,0.35,0.50,0.20,0.35,0.54,0.45,0.48,0.51,0.43,0.44,0.43,0.23,0.48,0.39,0.64,0.78,0.60,0.60,0.44,0.49,0.37,0.18,-0.09,0.83,0.43,0.32,0.61,0.84,0.78,0.61,0.39,0.30,0.50,0.31,-0.15
"Finished Motor Gasoline","Finished Motor Gasoline Net Imports",1,1,"million barrels per day","MGNIPUS",0.24,0.21,0.25,0.18,0.26,0.29,0.13,0.12,0.14,0.10,0.09,0.06,0.13,0.19,0.16,0.21,0.24,0.16,0.21,0.19,0.15,0.26,0.15,0.18,0.18,0.29,0.27,0.44,0.39,0.37,0.38,0.24,0.21,0.24,0.17,0.08,0.22,0.33,0.29,0.36,0.32,0.35,0.33,0.23,0.27,0.16,0.30,0.25,0.39,0.27,0.20,0.31,0.37,0.36,0.31,0.30,0.42,0.28,0.34,0.29,0.33,0.34,0.40,0.38,0.39,0.46,0.39,0.41,0.37,0.33,0.42,0.28,0.27,0.28,0.45,0.59,0.46,0.37,0.43,0.48,0.40,0.31,0.37,0.27,0.25,0.27,0.40,0.32,0.36,0.43,0.51,0.36,0.42,0.40,0.44,0.31,0.36,0.46,0.42,0.53,0.44,0.45,0.43,0.35,0.55,0.79,0.49,0.34,0.51,0.51,0.39,0.38,0.34,0.26,0.27,0.47,0.24,0.25,0.23,0.17,0.30,0.18,0.19,0.38,0.48,0.35,0.34,0.30,0.40,0.21,0.15,0.14,0.25,0.16,0.19,0.18,0.20,0.25,0.09,0.08,0.14,0.10,-0.02,-0.05,0.08,0.08,0.13,0.10,0.03,0.01,-0.02,0.14,-0.04,-0.06,-0.04,-0.08,-0.04,-0.06,-0.24,-0.13,-0.08,-0.12,-0.17,-0.08,-0.10,-0.20,-0.30,-0.42,-0.31,-0.29,-0.30,-0.34,-0.31,-0.26,-0.24,-0.43,-0.43,-0.46,-0.55,-0.56,-0.28,-0.32,-0.36,-0.34,-0.27,-0.31,-0.35,-0.35,-0.37,-0.44,-0.45,-0.53,-0.39,-0.47,-0.26,-0.23,-0.21,-0.22,-0.28,-0.31,-0.28,-0.35,-0.39,-0.57,-0.43,-0.41,-0.36,-0.34,-0.45,-0.32,-0.38,-0.35,-0.26,-0.32,-0.46,-0.63,-0.48,-0.50,-0.34,-0.29,-0.34,-0.30,-0.48,-0.42,-0.29,-0.38,-0.54,-0.50,-0.53,-0.63,-0.55,-0.45,-0.54,-0.49,-0.45,-0.45,-0.50,-0.65,-0.79,-0.91,-0.78,-0.68,-0.58,-0.61,-0.59,-0.68,-0.69,-0.58,-0.63,-0.70,-1.08,-0.99,-0.96,-0.90,-0.91,-0.83,-0.66,-0.64,-0.79,-0.60,-0.72,-0.97,-1.04,-0.99,-0.78,-0.86,-0.77,-0.58,-0.59,-0.65,-0.59,-0.55,-0.67,-0.77,-0.95,-0.90,-0.73,-0.79,-0.65,-0.67,-0.20,-0.35,-0.47,-0.65,-0.63,-0.73,-0.77,-0.84,-0.78,-0.58,-0.20,-0.67,-0.80,-0.76,-0.96,-0.61,-0.63,-0.50,-0.70,-0.70,-1.08,-0.60,-0.59,-0.55,-0.79,-0.65,-0.88,-0.79,-0.81,-0.85,-0.76,-0.75
"Jet Fuel","Jet Fuel Net Imports",1,1,"million barrels per day","JFNIPUS",0.22,0.03,-0.01,0.06,-0.01,-0.08,0.08,0.06,-0.08,-0.00,-0.00,0.13,0.04,0.22,0.06,0.19,0.02,0.02,0.22,-0.14,0.10,0.32,-0.07,0.16,0.10,0.10,0.28,-0.12,0.01,0.15,0.07,0.16,-0.03,0.38,0.20,0.13,-0.09,0.30,0.16,0.03,0.05,0.06,0.15,0.22,0.12,0.12,0.12,0.06,0.25,0.30,0.24,0.14,0.04,0.08,0.16,0.14,0.07,0.19,0.05,-0.07,0.13,0.10,0.04,0.21,0.03,0.20,0.13,0.04,0.01,0.08,0.04,0.27,-0.03,0.24,0.21,0.08,-0.13,0.23,0.12,0.10,0.02,0.07,0.18,0.03,0.06,0.09,0.03,0.06,0.15,0.16,0.10,0.11,0.04,0.11,0.12,0.02,0.08,0.07,0.10,0.04,0.03,0.03,0.13,0.09,0.27,0.36,0.22,0.22,0.16,0.10,0.08,0.18,0.20,0.16,0.17,0.21,0.17,0.12,0.05,0.15,0.14,0.20,0.20,0.28,0.21,0.19,0.21,0.20,0.16,0.15,0.09,0.09,0.10,0.04,0.05,0.15,0.06,0.00,-0.02,0.01,0.06,0.04,-0.00,0.02,0.01,0.03,0.03,0.02,-0.02,0.02,0.05,0.04,0.03,-0.01,-0.00,-0.06,0.02,0.01,0.01,0.01,0.00,0.06,0.03,0.02,0.04,0.03,-0.00,-0.06,-0.06,-0.03,-0.02,-0.02,0.04,0.01,-0.01,-0.02,-0.05,-0.02,-0.03,-0.11,-0.11,-0.09,-0.10,-0.04,-0.08,-0.11,-0.09,0.01,-0.05,-0.04,-0.11,-0.13,-0.10,-0.03,-0.09,-0.03,-0.01,-0.08,-0.06,-0.07,-0.07,-0.04,-0.13,-0.15,-0.09,-0.05,-0.05,0.03,-0.05,-0.04,-0.12,-0.15,-0.01,-0.11,-0.11,-0.05,-0.11,-0.07,0.01,-0.06,0.04,0.06,-0.02,-0.02,-0.10,-0.04,-0.09,-0.05,-0.05,-0.05,0.03,-0.04,-0.00,-0.07,0.03,-0.05,-0.03,0.02,-0.04,-0.07,-0.04,-0.03,-0.05,-0.02,-0.05,-0.12,-0.08,-0.03,0.07,0.08,-0.01,-0.02,-0.08,-0.08,-0.16,-0.14,-0.10,-0.06,-0.12,-0.07,0.01,-0.16,-0.11,-0.11,-0.16,-0.05,-0.03,0.00,-0.01,-0.04,0.00,-0.08,-0.06,-0.07,-0.09,-0.09,-0.07,-0.08,-0.06,0.08,0.10,0.09,0.11,0.14,0.12,0.11,0.07,0.05,0.02,0.02,0.06,0.03,-0.07,-0.08,-0.02,-0.03,0.07,0.08,-0.02,-0.05,0.03,0.09,0.09,0.13,0.13,0.10,0.13,0.07,0.16,0.21,0.15,0.16
"Distillate Fuel Oil","Distillate Fuel Oil Net Imports",1,1,"million barrels per day","DFNIPUS",0.16,0.14,0.12,0.09,0.07,0.05,0.07,0.02,0.05,0.08,0.03,0.04,0.06,0.13,0.11,0.02,0.06,0.05,0.07,0.03,0.10,0.16,0.12,0.10,0.19,0.21,0.09,0.02,0.07,0.06,0.11,0.14,0.09,0.02,0.09,-0.02,0.09,0.40,0.05,0.06,0.19,0.11,0.07,-0.02,0.09,0.00,0.14,0.31,0.72,0.56,0.27,0.18,0.16,0.18,0.10,0.07,0.17,0.15,0.11,0.04,0.19,-0.03,0.17,0.15,0.12,0.11,0.14,0.09,0.07,0.25,0.26,0.32,0.21,0.37,0.30,0.11,0.12,0.24,0.20,0.30,0.31,0.22,0.16,0.21,0.30,0.42,0.35,0.18,0.17,0.16,0.17,0.19,0.18,0.14,0.22,0.12,0.30,0.24,0.09,0.07,0.08,0.01,0.05,0.10,0.17,0.40,0.39,0.37,0.43,0.23,0.17,0.10,0.21,0.11,0.13,0.17,-0.02,0.02,0.04,0.21,0.10,0.13,0.21,0.16,0.05,0.02,0.09,0.04,-0.01,0.01,-0.19,-0.16,-0.03,-0.16,-0.11,-0.21,-0.31,-0.57,-0.54,-0.74,-0.12,-0.26,-0.34,-0.40,-0.28,-0.21,-0.29,-0.52,-0.44,-0.33,-0.43,-0.45,-0.40,-0.38,-0.42,-0.18,0.07,-0.10,-0.28,-0.47,-0.57,-0.40,-0.60,-0.45,-0.58,-0.71,-0.61,-0.42,-0.40,-0.46,-0.46,-0.68,-0.56,-0.60,-0.79,-0.69,-0.75,-0.94,-0.80,-0.95,-0.72,-0.78,-0.77,-0.98,-0.94,-1.00,-0.93,-0.87,-0.92,-0.96,-0.87,-0.83,-0.56,-0.66,-0.66,-0.61,-0.96,-1.17,-1.24,-1.19,-1.22,-1.23,-1.12,-1.12,-0.78,-0.52,-0.69,-0.98,-0.96,-1.05,-1.08,-1.15,-0.97,-0.81,-0.96,-0.89,-0.77,-0.56,-0.69,-0.98,-1.09,-1.08,-1.19,-0.93,-1.17,-1.05,-1.03,-1.14,-0.75,-0.67,-1.04,-1.11,-1.11,-1.35,-1.23,-1.05,-1.06,-0.93,-1.02,-1.06,-0.95,-1.03,-1.08,-1.24,-1.39,-1.50,-1.64,-1.27,-1.08,-1.28,-1.18,-1.13,-0.71,-0.75,-0.97,-1.37,-1.25,-1.38,-1.16,-1.10,-1.13,-1.17,-1.17,-1.20,-0.97,-0.80,-0.99,-1.14,-1.13,-1.39,-1.20,-1.38,-1.31,-1.02,-0.89,-1.01,-1.05,-1.23,-1.30,-0.87,-0.54,-1.18,-1.25,-1.19,-1.00,-0.80,-0.68,-0.73,-0.56,-0.67,0.18,-0.28,-0.48,-0.64,-0.91,-0.75,-0.79,-0.46,-0.43,-0.88,-0.44,-0.46,-0.67,-0.78,-0.89,-1.14,-1.23,-1.20,-1.38,-1.09,-1.06,-1.33
"Residual Fuel Oil","Residual Fuel Oil Net Imports",1,1,"million barrels per day","RFNIPUS",0.04,0.12,0.15,0.14,0.07,0.04,0.02,0.11,0.06,0.02,0.08,0.05,0.14,0.10,0.10,0.13,-0.02,0.13,0.30,0.20,0.16,0.12,0.16,0.15,0.09,0.18,0.18,0.05,0.18,0.08,0.08,0.11,0.12,0.05,0.16,0.01,0.20,0.17,0.10,0.13,0.14,0.26,0.30,0.24,0.21,0.28,0.24,0.30,0.30,0.20,0.13,0.13,0.09,0.10,0.15,0.05,0.04,0.06,0.02,-0.03,0.10,-0.04,0.05,0.14,0.08,0.09,0.07,-0.02,0.05,0.07,0.21,0.05,0.11,0.19,0.31,0.10,0.11,0.00,0.02,0.19,0.05,0.15,0.16,0.17,0.33,0.38,0.22,0.04,0.10,0.22,0.19,0.23,0.06,0.32,0.37,0.19,0.26,0.23,0.11,0.12,0.12,0.15,0.26,0.34,0.51,0.51,0.47,0.27,0.38,0.21,0.12,-0.02,0.07,0.03,0.02,0.08,-0.03,-0.03,-0.05,0.04,0.09,0.06,0.19,-0.02,-0.02,0.09,0.08,-0.04,-0.00,-0.01,0.07,0.01,0.09,-0.10,-0.06,-0.02,-0.04,0.03,-0.04,-0.01,0.04,0.04,-0.09,0.07,0.09,0.05,0.01,0.07,-0.05,-0.10,-0.32,-0.22,-0.20,-0.18,-0.14,-0.02,0.08,-0.08,-0.07,0.09,-0.03,-0.16,-0.03,-0.16,-0.03,-0.01,-0.03,-0.04,-0.03,-0.11,0.01,0.02,-0.15,-0.06,-0.23,-0.23,-0.17,-0.05,-0.02,-0.13,-0.06,-0.08,-0.14,-0.17,-0.24,-0.04,-0.06,-0.15,-0.09,-0.11,-0.15,-0.29,-0.00,-0.12,-0.16,-0.13,-0.29,-0.23,-0.11,-0.09,-0.05,-0.13,-0.13,-0.21,-0.19,-0.21,-0.29,-0.14,-0.15,-0.26,-0.18,-0.16,-0.16,-0.16,-0.14,-0.23,-0.06,-0.13,-0.17,-0.27,-0.13,-0.19,-0.16,-0.14,-0.06,-0.13,-0.06,-0.11,-0.03,-0.16,-0.08,-0.03,-0.20,-0.05,-0.04,-0.07,-0.21,-0.10,-0.09,-0.07,-0.04,-0.23,-0.10,-0.17,-0.03,-0.19,-0.17,-0.06,-0.13,-0.24,-0.02,-0.07,-0.04,-0.15,-0.10,-0.13,-0.13,-0.13,-0.12,-0.15,-0.05,-0.11,-0.09,-0.12,-0.03,-0.08,-0.11,-0.22,-0.13,-0.10,-0.04,-0.14,-0.04,-0.03,-0.01,-0.03,0.02,-0.06,-0.02,0.05,0.01,0.00,0.01,0.06,0.07,0.09,0.05,0.02,0.09,0.06,0.07,-0.03,-0.02,0.01,-0.01,-0.03,0.03,-0.01,0.13,0.04,-0.03,-0.05,-0.00,-0.08,-0.06,-0.07,-0.06,-0.11,-0.00,-0.04,0.15,0.03
"Other Oils","Other Oils Net Imports",1,1,"million barrels per day","PSNIPUS",-0.02,0.01,-0.03,-0.07,-0.13,-0.06,-0.05,-0.16,-0.15,0.01,-0.11,-0.13,-0.07,-0.03,-0.11,-0.00,-0.05,-0.07,-0.03,0.00,-0.02,-0.02,-0.08,-0.02,-0.05,0.09,0.05,0.03,-0.04,-0.01,-0.01,0.02,0.03,-0.01,-0.07,-0.05,0.02,-0.01,0.05,-0.01,-0.03,-0.09,-0.04,-0.09,-0.02,-0.14,-0.15,-0.18,-0.00,-0.16,-0.01,-0.09,-0.09,-0.14,-0.12,-0.18,-0.08,-0.11,-0.11,-0.10,-0.10,-0.17,-0.09,-0.14,-0.10,-0.08,-0.04,-0.16,-0.12,-0.14,-0.13,-0.25,-0.19,-0.17,-0.26,-0.14,-0.13,0.03,-0.06,-0.22,-0.17,-0.24,-0.11,-0.17,-0.04,-0.08,-0.15,-0.18,-0.03,-0.06,-0.11,-0.06,0.09,-0.00,0.05,0.03,0.05,-0.03,-0.03,-0.08,0.10,-0.09,0.03,-0.03,0.02,0.07,0.03,-0.15,0.17,-0.15,-0.10,-0.10,-0.04,-0.10,-0.05,0.03,0.10,-0.07,-0.01,-0.04,-0.22,-0.16,-0.08,-0.18,-0.05,-0.20,-0.17,-0.10,-0.12,-0.03,-0.17,-0.02,-0.13,-0.25,-0.18,-0.13,-0.19,-0.28,-0.19,-0.27,-0.21,-0.17,-0.07,-0.17,-0.10,-0.28,-0.23,-0.31,-0.30,-0.23,-0.39,-0.36,-0.27,-0.39,-0.38,-0.34,-0.38,-0.41,-0.26,-0.32,-0.42,-0.39,-0.35,-0.34,-0.32,-0.38,-0.36,-0.42,-0.32,-0.42,-0.43,-0.34,-0.38,-0.44,-0.38,-0.43,-0.52,-0.48,-0.42,-0.67,-0.36,-0.49,-0.54,-0.55,-0.48,-0.51,-0.56,-0.46,-0.50,-0.53,-0.50,-0.60,-0.44,-0.51,-0.46,-0.55,-0.47,-0.50,-0.56,-0.53,-0.50,-0.57,-0.46,-0.61,-0.45,-0.52,-0.69,-0.57,-0.48,-0.51,-0.50,-0.55,-0.46,-0.50,-0.46,-0.63,-0.42,-0.61,-0.45,-0.50,-0.45,-0.42,-0.50,-0.45,-0.57,-0.50,-0.57,-0.66,-0.55,-0.49,-0.49,-0.60,-0.61,-0.64,-0.63,-0.48,-0.62,-0.52,-0.41,-0.50,-0.51,-0.61,-0.69,-0.61,-0.52,-0.62,-0.48,-0.60,-0.40,-0.69,-0.52,-0.54,-0.56,-0.67,-0.60,-0.61,-0.64,-0.56,-0.60,-0.51,-0.52,-0.45,-0.71,-0.70,-0.62,-0.71,-0.56,-0.54,-0.49,-0.44,-0.47,-0.55,-0.56,-0.52,-0.53,-0.57,-0.68,-0.64,-0.62,-0.52,-0.47,-0.49,-0.54,-0.45,-0.47,-0.48,-0.46,-0.48,-0.77,-0.69,-0.12,-0.39,-0.46,-0.48,-0.61,-0.57,-0.53,-0.50,-0.60,-0.85,-0.44,-0.49,-0.52,-0.54,-0.61,-0.67,-0.66,-0.71,-0.63,-0.56,-0.61,-0.81
"Product Inventory Net Withdrawals","Petroleum Product Net Inventory Withdrawals",1,1,"million barrels per day","PROD_DRAW",0.68,0.56,-0.44,-0.00,-1.17,-0.66,0.17,-0.64,-0.64,0.21,0.19,0.68,0.07,0.08,-0.05,-0.35,-1.23,-0.58,-0.16,-0.53,-0.10,0.78,-0.42,0.51,0.45,0.29,0.86,-0.43,-0.90,0.27,-0.01,0.14,-0.14,0.88,0.19,2.00,0.52,0.49,0.04,-0.75,-0.69,-0.43,-0.67,0.45,-0.18,0.46,-0.24,0.97,-0.04,-0.22,0.50,-0.51,-1.13,-0.93,-0.01,0.49,-0.94,0.20,-0.32,0.13,0.27,0.95,0.36,-0.64,-0.50,-0.32,-0.19,0.33,0.06,0.78,-0.09,0.75,1.29,1.46,-0.11,-0.38,-1.26,-0.75,-0.21,-0.03,-0.43,0.35,-0.24,0.72,0.56,0.61,0.15,0.08,-0.82,-0.65,-0.72,-0.66,0.28,0.58,-0.50,0.38,0.08,0.10,0.83,-0.65,-0.88,-0.52,-0.35,0.66,0.05,-0.15,-0.41,1.03,-0.53,0.50,0.95,-0.09,-0.95,-0.33,-0.62,-0.60,-0.74,0.75,0.64,0.11,0.25,1.82,0.06,-0.14,-0.57,-0.17,-0.68,0.06,-0.26,0.20,0.38,0.40,0.01,0.67,0.74,-0.18,-0.68,-0.60,-0.37,-0.17,0.10,0.05,-0.40,-0.01,-0.05,-0.11,-0.30,-0.11,-0.76,-0.78,-0.23,0.21,-0.47,0.67,0.56,0.85,0.20,0.26,0.42,-0.60,-0.70,-0.23,-0.72,-0.16,0.16,0.56,0.15,0.46,-0.10,1.16,0.47,0.10,-0.82,-0.47,-0.80,-0.03,-0.04,0.61,0.01,0.49,-0.32,0.33,0.24,0.24,-0.22,-0.46,-0.56,0.05,-0.42,0.51,0.09,-0.34,0.29,1.03,0.18,-0.37,-0.48,-0.55,-0.27,-0.22,-0.08,1.04,0.42,0.39,0.73,0.27,0.05,-0.67,-1.00,-0.49,-0.64,-0.44,-0.44,0.83,-0.12,-0.31,0.22,0.93,-0.16,-0.54,-0.76,-0.63,-0.36,-0.69,-0.20,0.58,-0.46,0.02,-0.29,0.55,0.23,-0.20,-0.42,-0.34,-0.81,-0.23,0.02,0.61,-0.10,0.66,-0.06,0.74,0.92,-0.47,-0.58,0.12,-0.22,-0.37,0.45,0.69,0.12,-0.04,0.42,0.30,0.49,0.22,-0.37,-0.53,-0.36,-0.69,-1.01,0.91,0.60,-0.26,0.01,0.69,0.33,-0.25,-1.04,-0.49,-0.86,-0.10,-0.07,0.99,0.16,-0.38,-0.22,1.06,-0.42,-1.00,-1.17,-0.55,-0.35,-0.01,0.25,1.05,0.10,0.97,0.55,1.90,0.48,-0.14,-0.67,-0.49,-0.48,-0.38,-0.27,0.54,0.17,0.38,-0.10,0.45,0.42,-0.38,-0.71,-0.66,-0.49,-0.20,-0.08,0.53,0.10,0.33
"Total Supply","Total Petroleum Product Supply",1,1,"million barrels per day","PASUPPLY",18.75,18.33,17.75,18.53,18.20,18.46,19.13,18.55,18.40,19.03,18.56,19.40,18.36,18.44,18.64,19.16,18.27,19.11,19.60,19.06,18.93,19.39,18.50,19.47,19.02,19.05,19.71,18.90,18.60,19.96,19.77,20.09,19.33,20.18,19.27,20.55,18.83,19.78,19.29,18.76,19.55,19.95,19.75,20.51,19.92,19.78,19.35,20.67,20.13,19.78,20.01,19.74,19.38,19.50,19.97,20.20,18.94,19.98,19.41,18.89,19.50,19.47,19.61,19.65,19.69,20.00,20.12,20.16,19.38,19.61,19.93,20.17,19.93,20.52,19.83,19.84,19.11,19.91,20.10,20.56,19.83,20.17,20.02,20.63,20.48,20.87,20.45,20.54,20.32,20.78,20.88,21.03,20.53,20.86,20.81,21.23,20.69,20.83,21.01,20.14,20.61,21.20,20.94,21.67,20.14,20.25,20.62,21.50,20.44,20.58,20.61,20.20,20.46,20.98,20.74,21.43,20.56,20.77,20.67,20.80,20.57,21.31,20.54,20.54,20.62,20.72,20.75,21.03,20.41,20.48,20.53,20.72,20.25,20.03,19.83,19.81,19.80,19.68,19.56,19.27,17.84,19.70,19.05,19.14,19.04,18.82,18.72,18.67,18.21,18.83,18.63,18.95,18.59,18.80,18.75,19.24,18.78,18.83,19.08,19.07,18.87,19.56,19.29,19.66,19.46,18.93,18.97,19.73,18.92,18.82,19.19,18.58,18.43,19.19,18.71,19.36,18.89,18.82,19.06,18.77,18.30,18.62,18.13,18.16,18.57,18.87,18.54,19.14,18.08,18.71,18.53,18.13,18.74,18.65,18.55,18.59,18.73,18.82,19.26,19.14,19.28,19.32,19.49,19.01,19.10,18.90,18.45,18.83,18.60,18.88,19.25,19.37,19.20,19.70,19.39,19.49,19.27,19.67,19.35,19.26,19.32,19.85,20.12,19.93,19.44,19.47,19.11,19.60,19.06,19.84,19.75,19.35,19.33,19.83,19.75,20.26,19.77,19.68,19.69,19.99,19.29,19.15,20.06,19.62,20.05,20.57,20.13,20.27,19.63,19.97,20.31,20.32,20.56,19.69,20.73,20.04,20.25,20.77,20.67,21.36,20.08,20.79,20.77,20.33,20.67,20.28,20.18,20.33,20.39,20.65,20.73,21.16,20.25,20.71,20.74,20.44,19.91,19.84,18.28,14.69,16.10,17.44,18.32,18.44,18.31,18.62,18.70,18.80,18.67,18.51,18.96,19.07,19.34,19.69,19.79,20.24,19.91,20.04,20.11,19.91,19.92,19.92,20.37,20.33,20.61,20.73,20.72,21.11,20.58,20.69,20.71,20.65
"Consumption","Consumption",0,0,"million barrels per day",,,,,,,,,,,,,,,,,,,,,,,,,,,,,,,,,,,,,,,,,,,,,,,,,,,,,,,,,,,,,,,,,,,,,,,,,,,,,,,,,,,,,,,,,,,,,,,,,,,,,,,,,,,,,,,,,,,,,,,,,,,,,,,,,,,,,,,,,,,,,,,,,,,,,,,,,,,,,,,,,,,,,,,,,,,,,,,,,,,,,,,,,,,,,,,,,,,,,,,,,,,,,,,,,,,,,,,,,,,,,,,,,,,,,,,,,,,,,,,,,,,,,,,,,,,,,,,,,,,,,,,,,,,,,,,,,,,,,,,,,,,,,,,,,,,,,,,,,,,,,,,,,,,,,,,,,
"Hydrocarbon Gas Liquids","Hydrocarbon Gas Liquids Product Supplied",1,1,"million barrels per day","NLTCPUS",2.57,2.49,2.03,2.11,1.97,1.96,1.98,2.07,2.25,2.23,2.41,2.74,2.49,2.30,2.38,2.06,1.80,1.87,1.89,1.99,1.92,2.22,2.25,2.36,2.63,2.31,2.43,2.20,2.04,2.25,2.31,2.31,2.53,2.58,2.41,2.93,2.98,2.71,2.42,2.25,2.14,2.31,2.20,2.29,2.29,2.47,2.37,2.75,2.42,2.27,2.21,2.21,1.88,1.96,2.03,2.10,2.23,2.39,2.32,2.40,2.53,2.70,2.50,2.02,2.08,2.06,2.10,2.17,2.17,2.35,2.42,2.48,2.79,2.62,2.21,2.13,1.75,1.71,1.90,2.07,2.20,2.16,2.27,2.66,2.69,2.67,2.19,2.15,1.99,2.06,2.02,2.11,2.11,2.34,2.33,2.52,2.69,2.60,2.37,1.92,1.91,1.94,2.00,2.24,1.75,1.79,2.03,2.53,2.19,2.44,2.26,1.97,1.95,2.04,2.04,2.10,1.95,2.15,2.26,2.30,2.56,2.71,2.20,2.12,1.92,2.03,2.01,1.97,2.11,2.07,2.20,2.43,2.52,2.47,2.26,1.88,1.96,2.00,2.00,2.04,1.45,1.98,2.00,1.97,2.09,2.21,2.11,1.97,1.82,1.81,1.88,2.06,2.04,2.31,2.64,2.61,2.75,2.59,2.29,1.93,1.96,2.05,2.06,2.15,2.21,2.19,2.27,2.73,2.61,2.55,2.30,2.02,2.03,2.00,1.98,2.10,2.11,2.26,2.46,2.61,2.59,2.44,2.20,2.10,2.14,2.07,2.15,2.20,2.15,2.44,2.43,2.60,2.78,2.77,2.58,2.34,2.11,2.17,2.24,2.24,2.46,2.61,2.80,2.93,2.99,2.67,2.42,2.20,1.98,2.17,2.11,2.35,2.38,2.50,2.75,2.81,2.93,2.90,2.56,2.38,2.33,2.42,2.45,2.44,2.29,2.52,2.56,2.83,2.96,2.79,2.64,2.41,2.38,2.26,2.40,2.29,2.45,2.59,2.55,2.78,3.02,2.61,2.73,2.55,2.43,2.48,2.59,2.27,2.34,2.60,2.90,3.11,3.54,3.16,3.09,2.86,2.58,2.60,2.84,2.90,2.90,2.98,3.32,3.38,3.72,3.59,3.14,2.89,2.75,2.75,2.93,2.85,3.04,3.15,3.40,3.50,3.40,3.21,3.31,2.86,2.88,2.76,3.02,2.89,2.92,3.37,3.70,4.02,3.80,3.31,3.26,3.31,3.18,3.07,3.20,3.16,3.26,3.36,3.53,3.71,3.90,3.84,3.67,3.49,3.37,3.27,3.42,3.38,3.47,3.60,3.76,3.93
"Unfinished Oils","Unfinished Oils Product Supplied",1,1,"million barrels per day","UOTCPUS",0.04,-0.06,-0.05,-0.05,0.01,-0.01,-0.02,-0.03,-0.15,-0.13,-0.07,-0.08,-0.12,-0.09,-0.08,-0.16,-0.07,-0.19,-0.20,-0.27,-0.21,-0.22,-0.09,-0.07,0.02,0.07,0.01,-0.04,-0.26,-0.09,-0.26,-0.06,-0.19,-0.29,-0.21,-0.29,-0.24,-0.06,-0.13,-0.24,-0.10,-0.20,-0.23,-0.20,-0.20,-0.27,-0.28,-0.13,0.03,0.09,-0.04,-0.02,-0.03,-0.13,-0.13,-0.07,-0.14,-0.06,0.00,0.10,0.06,-0.12,-0.04,-0.04,-0.05,-0.06,-0.11,-0.04,-0.07,-0.05,-0.06,-0.18,-0.08,0.05,0.08,0.07,0.07,-0.01,-0.02,-0.06,-0.18,-0.04,-0.13,-0.05,-0.18,0.04,0.05,-0.01,0.00,-0.08,0.05,0.03,-0.13,-0.04,-0.07,-0.09,-0.21,-0.06,0.07,-0.17,0.01,0.19,-0.15,-0.05,0.01,0.14,0.14,0.10,0.03,0.04,-0.01,0.05,0.02,0.18,-0.08,0.06,-0.03,-0.01,0.08,0.05,0.06,0.19,0.06,0.15,0.09,-0.08,-0.03,-0.03,-0.13,-0.04,0.10,0.03,0.02,0.07,-0.13,-0.03,-0.08,-0.08,-0.22,-0.19,0.02,0.09,0.09,0.13,0.09,0.13,-0.10,-0.11,-0.06,-0.18,-0.02,-0.06,0.02,-0.04,-0.11,-0.01,0.00,0.04,0.05,0.06,0.01,-0.00,-0.08,0.04,0.06,-0.01,-0.03,0.03,0.08,-0.04,0.15,0.04,-0.11,-0.08,0.05,0.04,0.05,0.01,0.10,0.02,-0.02,0.10,0.06,-0.07,-0.14,0.04,-0.03,-0.01,-0.07,0.14,0.13,0.20,-0.08,0.05,-0.07,-0.05,0.05,-0.07,0.08,-0.12,0.13,0.01,0.13,0.05,-0.14,-0.00,-0.06,0.04,-0.02,-0.11,-0.08,-0.07,0.05,0.02,0.01,-0.09,-0.09,0.02,-0.04,-0.03,0.14,0.10,0.08,-0.06,-0.07,-0.18,-0.02,0.04,-0.03,0.21,-0.06,0.04,-0.09,-0.02,-0.11,0.07,0.00,0.08,-0.05,0.02,-0.02,-0.00,0.08,0.12,-0.02,0.08,0.01,-0.01,0.04,0.07,0.04,0.03,0.08,0.21,0.15,-0.08,-0.05,0.06,-0.08,-0.03,-0.16,0.07,0.06,-0.05,0.09,-0.13,0.03,0.14,0.14,-0.00,-0.06,0.10,0.10,0.16,0.10,0.08,0.06,0.21,0.17,0.10,0.18,0.03,0.02,0.06,-0.05,-0.05,0.05,0.10,0.00,-0.00,0.00,0.00,0.00,0.00,0.00,0.00,0.00,0.00,0.00,0.00,0.00,0.00,0.00,0.00,0.00,0.00,0.00,0.00,0.00,0.00,0.00,0.00
"Motor Gasoline","Motor Gasoline Product Supplied",1,1,"million barrels per day","MGTCPUSX",7.30,7.67,7.80,8.06,8.14,8.29,8.50,8.23,8.02,8.14,7.96,8.06,7.62,7.71,8.00,8.31,8.28,8.52,8.68,8.57,8.31,8.38,8.17,8.45,7.70,8.03,8.13,8.51,8.42,8.89,8.94,8.58,8.31,8.54,8.24,8.86,7.65,8.29,8.30,8.37,8.66,8.82,8.64,8.92,8.52,8.42,8.38,8.67,8.10,8.23,8.53,8.58,8.71,8.69,9.02,8.95,8.56,8.65,8.68,8.59,8.23,8.61,8.65,8.77,9.08,9.14,9.14,9.31,8.69,8.81,8.83,8.89,8.41,8.53,8.60,8.84,9.04,9.17,9.19,9.41,8.93,9.11,8.95,9.01,8.71,8.84,9.02,9.13,9.18,9.32,9.36,9.33,9.02,9.10,9.06,9.21,8.81,8.86,8.99,9.13,9.28,9.37,9.53,9.54,8.92,9.04,9.12,9.30,8.84,8.91,9.05,9.15,9.31,9.48,9.61,9.56,9.24,9.27,9.24,9.34,8.89,9.01,9.18,9.22,9.43,9.49,9.64,9.58,9.25,9.24,9.23,9.25,8.81,8.87,9.07,9.11,9.25,9.11,9.15,9.13,8.50,9.02,8.90,8.93,8.62,8.84,8.90,9.03,9.08,9.18,9.26,9.29,8.91,8.99,8.91,8.93,8.52,8.58,8.79,9.11,9.16,9.31,9.30,9.26,9.11,9.02,8.82,8.91,8.37,8.60,8.80,8.80,8.82,9.07,9.03,8.93,8.74,8.65,8.54,8.68,8.19,8.60,8.58,8.74,8.98,9.00,8.81,9.15,8.56,8.70,8.48,8.39,8.33,8.40,8.64,8.86,9.03,9.08,9.15,9.12,8.95,8.94,8.92,8.67,8.27,8.65,8.70,8.96,9.02,9.04,9.25,9.31,8.82,9.15,8.92,8.94,8.64,8.83,9.06,9.19,9.26,9.42,9.47,9.46,9.29,9.24,9.11,9.15,8.65,9.22,9.37,9.18,9.42,9.61,9.58,9.69,9.48,9.09,9.23,9.28,8.51,9.01,9.33,9.30,9.55,9.77,9.60,9.75,9.38,9.36,9.11,9.25,8.79,8.80,9.46,9.21,9.52,9.80,9.64,9.78,9.15,9.29,9.29,9.18,8.78,9.07,9.18,9.41,9.50,9.70,9.53,9.83,9.20,9.31,9.21,8.97,8.76,8.97,7.78,5.85,7.19,8.29,8.46,8.51,8.55,8.26,7.98,7.84,7.80,7.94,8.31,8.40,8.72,8.86,8.85,9.05,8.88,8.82,8.78,8.69,8.22,8.40,8.72,8.91,9.14,9.29,9.11,9.29,8.95,8.90,8.87,8.80
"Fuel Ethanol blended into Motor Gasoline","Fuel Ethanol blended into Motor Gasoline",1,1,"million barrels per day","EOTCPUS",0.07,0.08,0.08,0.08,0.08,0.07,0.09,0.07,0.08,0.10,0.08,0.11,0.10,0.09,0.09,0.08,0.07,0.08,0.08,0.09,0.09,0.10,0.09,0.12,0.10,0.09,0.09,0.08,0.08,0.09,0.08,0.09,0.09,0.11,0.11,0.13,0.11,0.09,0.11,0.10,0.11,0.08,0.10,0.11,0.11,0.12,0.12,0.13,0.13,0.12,0.12,0.10,0.10,0.08,0.13,0.09,0.11,0.14,0.12,0.12,0.12,0.13,0.10,0.12,0.12,0.12,0.13,0.13,0.14,0.16,0.19,0.17,0.16,0.20,0.16,0.18,0.18,0.17,0.17,0.19,0.17,0.19,0.22,0.22,0.22,0.23,0.22,0.23,0.23,0.25,0.22,0.23,0.23,0.24,0.24,0.25,0.25,0.24,0.24,0.23,0.25,0.27,0.27,0.28,0.27,0.28,0.29,0.30,0.28,0.28,0.29,0.31,0.35,0.41,0.37,0.38,0.39,0.41,0.41,0.42,0.41,0.42,0.41,0.41,0.42,0.44,0.45,0.45,0.45,0.49,0.51,0.52,0.51,0.56,0.54,0.61,0.61,0.64,0.66,0.67,0.68,0.70,0.68,0.71,0.63,0.61,0.63,0.69,0.73,0.73,0.76,0.76,0.73,0.78,0.79,0.78,0.77,0.80,0.79,0.82,0.84,0.89,0.86,0.86,0.84,0.86,0.87,0.87,0.78,0.85,0.83,0.81,0.85,0.90,0.81,0.90,0.82,0.84,0.84,0.86,0.78,0.83,0.83,0.84,0.87,0.88,0.83,0.90,0.81,0.87,0.81,0.81,0.79,0.81,0.84,0.87,0.88,0.91,0.87,0.87,0.88,0.89,0.87,0.87,0.82,0.86,0.83,0.87,0.89,0.90,0.90,0.90,0.87,0.91,0.89,0.89,0.85,0.89,0.89,0.88,0.93,0.94,0.94,0.94,0.93,0.91,0.92,0.90,0.85,0.93,0.93,0.89,0.94,0.97,0.96,0.97,0.94,0.92,0.94,0.96,0.87,0.90,0.92,0.93,0.96,0.99,0.95,0.99,0.95,0.96,0.97,0.93,0.93,0.87,0.92,0.89,1.00,0.97,0.97,1.00,0.89,0.95,0.95,0.94,0.86,0.96,0.91,0.93,0.99,0.99,0.97,0.96,0.92,0.97,0.98,0.95,0.91,0.88,0.75,0.53,0.75,0.88,0.88,0.85,0.88,0.82,0.86,0.85,0.86,0.79,0.82,0.84,0.89,0.90,0.91,0.94,0.89,0.90,0.90,0.89,0.83,0.86,0.88,0.89,0.94,0.96,0.91,0.95,0.91,0.92,0.93,0.91
"Jet Fuel","Jet Fuel Product Supplied",1,1,"million barrels per day","JFTCPUS",1.62,1.57,1.53,1.56,1.55,1.57,1.69,1.65,1.59,1.60,1.61,1.65,1.56,1.61,1.59,1.65,1.57,1.61,1.66,1.60,1.56,1.67,1.63,1.75,1.70,1.69,1.69,1.65,1.61,1.63,1.64,1.74,1.64,1.72,1.64,1.72,1.60,1.68,1.68,1.68,1.67,1.72,1.78,1.85,1.75,1.78,1.73,1.79,1.74,1.75,1.69,1.69,1.72,1.75,1.77,1.72,1.53,1.57,1.44,1.51,1.59,1.53,1.58,1.66,1.53,1.65,1.68,1.61,1.60,1.61,1.62,1.71,1.51,1.58,1.57,1.52,1.47,1.57,1.61,1.66,1.58,1.58,1.63,1.66,1.50,1.67,1.56,1.57,1.60,1.67,1.66,1.73,1.61,1.64,1.70,1.64,1.54,1.74,1.73,1.61,1.67,1.69,1.73,1.74,1.67,1.65,1.62,1.76,1.60,1.58,1.56,1.65,1.63,1.70,1.70,1.70,1.61,1.61,1.61,1.63,1.62,1.63,1.55,1.65,1.62,1.66,1.66,1.70,1.53,1.64,1.60,1.60,1.58,1.55,1.55,1.62,1.59,1.62,1.57,1.64,1.48,1.42,1.44,1.39,1.31,1.36,1.41,1.43,1.33,1.42,1.51,1.45,1.41,1.36,1.35,1.37,1.34,1.34,1.44,1.41,1.45,1.54,1.49,1.49,1.46,1.43,1.40,1.38,1.35,1.35,1.38,1.46,1.42,1.54,1.47,1.55,1.42,1.38,1.42,1.35,1.31,1.35,1.38,1.35,1.41,1.55,1.47,1.47,1.38,1.35,1.38,1.38,1.31,1.34,1.39,1.44,1.46,1.45,1.55,1.52,1.42,1.46,1.43,1.43,1.36,1.38,1.43,1.46,1.40,1.54,1.56,1.52,1.48,1.48,1.48,1.54,1.38,1.45,1.55,1.53,1.52,1.65,1.65,1.60,1.53,1.61,1.52,1.58,1.45,1.53,1.55,1.57,1.58,1.72,1.72,1.72,1.64,1.61,1.63,1.65,1.59,1.52,1.68,1.64,1.67,1.76,1.73,1.76,1.63,1.75,1.69,1.76,1.57,1.59,1.71,1.63,1.68,1.86,1.77,1.86,1.70,1.67,1.76,1.68,1.62,1.61,1.71,1.76,1.77,1.80,1.85,1.84,1.70,1.73,1.71,1.81,1.67,1.63,1.39,0.69,0.60,0.79,0.96,1.02,0.92,1.01,1.13,1.14,1.15,1.18,1.27,1.35,1.36,1.47,1.52,1.54,1.51,1.49,1.51,1.50,1.55,1.58,1.66,1.67,1.72,1.79,1.80,1.80,1.76,1.77,1.79,1.81
"Distillate Fuel Oil","Distillate Fuel Oil Product Supplied",1,1,"million barrels per day","DFTCPUS",3.79,3.43,3.51,3.50,3.24,3.24,3.28,3.14,3.31,3.65,3.44,3.71,3.57,3.60,3.61,3.46,3.27,3.57,3.29,3.45,3.38,3.55,3.32,3.48,3.79,3.54,3.79,3.41,3.31,3.41,3.48,3.44,3.43,3.75,3.61,3.89,3.82,3.79,3.69,3.45,3.68,3.55,3.37,3.73,3.79,3.71,3.83,4.25,4.33,4.21,4.14,3.83,3.75,3.66,3.57,3.83,3.62,3.89,3.75,3.60,3.94,3.71,3.75,3.82,3.68,3.59,3.68,3.73,3.73,3.81,3.93,3.93,4.30,4.36,4.00,3.95,3.65,3.78,3.68,3.75,3.87,3.94,3.82,4.04,4.33,4.23,4.15,4.14,3.84,3.89,3.83,3.89,4.07,4.10,4.06,4.18,4.22,4.20,4.35,4.10,4.04,4.04,3.85,4.02,4.12,4.08,4.06,4.34,4.16,4.31,4.39,4.07,4.07,4.02,3.95,4.16,4.14,4.32,4.18,4.27,4.26,4.58,4.33,4.21,4.07,4.11,4.03,4.15,4.16,4.21,4.07,4.19,4.19,4.28,4.16,4.11,3.93,3.76,3.69,3.66,3.74,4.18,3.87,3.78,4.08,3.86,3.74,3.45,3.44,3.51,3.39,3.43,3.56,3.65,3.60,3.86,3.70,3.85,3.83,3.76,3.64,3.74,3.54,3.83,3.89,3.77,3.87,4.18,3.96,3.91,4.05,3.75,3.70,3.95,3.56,4.01,3.94,4.00,4.11,3.85,3.86,3.92,3.71,3.72,3.76,3.73,3.56,3.74,3.67,3.85,3.85,3.53,4.06,3.98,3.77,3.85,3.75,3.66,3.62,3.69,3.72,4.04,3.89,3.89,4.34,4.16,4.07,3.99,3.95,3.90,3.87,3.87,3.93,4.27,3.92,4.18,4.19,4.56,4.08,4.03,3.78,3.90,3.90,3.91,4.06,4.01,3.74,3.83,3.85,4.00,3.95,3.80,3.73,3.85,3.60,3.88,3.91,3.99,3.94,4.04,3.74,3.93,4.13,3.76,3.96,3.96,3.64,4.00,3.92,4.01,4.16,3.98,4.49,3.98,4.20,4.14,4.21,3.96,3.96,4.20,4.02,4.35,4.20,4.02,4.33,4.31,4.18,4.12,4.11,3.99,3.91,4.03,3.92,4.22,4.20,3.93,4.00,4.01,3.91,3.51,3.53,3.49,3.61,3.66,3.82,4.02,3.89,3.86,4.05,4.09,4.16,3.97,3.97,3.99,3.87,4.06,4.00,4.28,4.21,4.01,4.23,4.21,4.29,4.18,4.21,4.08,3.98,4.21,4.08,4.28,4.13,4.06
"Residual Fuel Oil","Residual Fuel Oil Product Supplied",1,1,"million barrels per day","RFTCPUS",0.97,0.98,0.74,0.79,0.74,0.77,0.78,0.72,0.80,0.71,0.81,0.78,0.93,0.82,0.81,1.04,0.76,0.83,1.08,0.91,0.97,0.76,0.86,0.88,0.89,0.97,0.94,0.70,0.90,0.72,0.75,1.00,0.76,0.72,0.76,0.85,0.83,0.85,0.69,0.78,0.72,0.95,1.09,0.94,0.90,1.11,0.89,1.16,1.08,0.90,0.86,0.93,0.83,0.87,0.87,0.80,0.62,0.74,0.68,0.56,0.71,0.66,0.82,0.73,0.68,0.67,0.61,0.61,0.63,0.65,0.79,0.83,0.77,0.89,0.92,0.78,0.67,0.69,0.78,0.90,0.66,0.72,0.70,0.79,0.98,0.99,0.88,0.83,0.78,0.82,0.90,0.78,0.78,0.86,0.86,0.92,1.01,0.93,0.77,0.80,0.73,0.83,0.90,1.05,1.03,0.99,0.98,1.03,0.93,0.82,0.79,0.68,0.59,0.62,0.67,0.77,0.54,0.61,0.52,0.73,0.76,0.95,0.72,0.68,0.69,0.73,0.67,0.76,0.67,0.63,0.77,0.66,0.68,0.54,0.59,0.71,0.67,0.68,0.68,0.51,0.52,0.60,0.52,0.75,0.76,0.45,0.59,0.68,0.43,0.57,0.32,0.47,0.34,0.49,0.44,0.58,0.61,0.52,0.53,0.59,0.52,0.50,0.60,0.48,0.51,0.49,0.55,0.53,0.58,0.57,0.46,0.48,0.47,0.48,0.33,0.35,0.49,0.40,0.42,0.52,0.45,0.39,0.41,0.42,0.32,0.36,0.46,0.40,0.38,0.31,0.32,0.20,0.34,0.30,0.44,0.27,0.24,0.29,0.36,0.41,0.37,0.27,0.36,0.17,0.32,0.24,0.18,0.28,0.23,0.25,0.25,0.22,0.28,0.25,0.34,0.25,0.29,0.19,0.26,0.17,0.23,0.20,0.33,0.30,0.27,0.24,0.30,0.32,0.31,0.18,0.36,0.45,0.32,0.34,0.42,0.32,0.25,0.34,0.31,0.31,0.54,0.28,0.32,0.28,0.36,0.35,0.29,0.35,0.30,0.32,0.39,0.31,0.32,0.30,0.24,0.41,0.30,0.28,0.35,0.29,0.35,0.27,0.34,0.37,0.32,0.28,0.22,0.18,0.19,0.32,0.34,0.33,0.30,0.32,0.21,0.28,0.26,0.15,0.11,0.12,0.08,0.23,0.34,0.30,0.32,0.28,0.21,0.20,0.19,0.29,0.26,0.23,0.20,0.26,0.29,0.28,0.27,0.21,0.24,0.29,0.26,0.18,0.26,0.23,0.20,0.21,0.27,0.22,0.27,0.21,0.28,0.29
"Other Oils","Other Oils Product Supplied",1,1,"million barrels per day","PSTCPUS",2.27,2.32,2.31,2.57,2.65,2.80,2.90,2.78,2.75,2.88,2.42,2.38,2.32,2.37,2.38,2.68,2.77,2.97,3.06,3.10,2.96,2.84,2.54,2.57,2.30,2.50,2.52,2.73,2.69,3.03,2.96,3.10,3.01,2.84,2.63,2.54,2.38,2.37,2.55,2.51,2.84,2.90,2.85,2.96,2.86,2.57,2.40,2.32,2.40,2.23,2.49,2.52,2.65,2.77,2.79,2.82,2.60,2.64,2.53,2.25,2.40,2.34,2.41,2.61,2.74,2.83,2.96,2.83,2.73,2.49,2.48,2.27,2.31,2.35,2.32,2.54,2.69,2.88,2.96,2.85,2.87,2.71,2.63,2.56,2.44,2.44,2.59,2.73,2.93,3.09,3.06,3.16,3.07,2.87,2.87,2.85,2.63,2.56,2.73,2.74,2.96,3.15,3.07,3.13,2.66,2.56,2.68,2.45,2.68,2.48,2.56,2.62,2.89,2.94,2.85,3.08,3.11,2.83,2.77,2.47,2.44,2.24,2.49,2.51,2.80,2.77,2.77,2.89,2.81,2.73,2.56,2.55,2.44,2.26,2.33,2.41,2.47,2.58,2.67,2.47,2.13,2.41,2.23,2.18,2.09,1.98,2.06,2.22,2.17,2.51,2.29,2.31,2.31,2.03,1.93,1.89,1.72,1.91,2.14,2.20,2.14,2.42,2.38,2.43,2.23,2.05,2.09,1.97,1.99,1.87,2.05,2.03,2.09,2.24,2.29,2.39,2.13,2.11,2.02,1.72,1.92,1.81,1.78,1.90,2.11,2.12,2.12,2.19,2.01,1.92,1.93,1.84,2.00,1.81,1.80,1.88,2.09,2.23,2.26,2.27,2.24,2.00,1.96,1.87,1.96,1.81,1.72,1.92,2.04,2.08,2.29,2.16,2.26,2.04,1.98,1.86,1.93,1.72,1.88,2.00,2.06,2.16,2.24,2.27,2.07,2.02,1.88,1.85,1.88,1.90,1.95,1.91,1.99,2.07,2.14,2.29,2.04,1.98,2.08,1.90,1.93,1.80,1.80,1.97,2.11,2.15,2.26,2.15,2.02,1.86,2.02,1.88,1.78,1.66,1.89,1.87,2.01,2.21,2.19,2.36,2.11,2.14,1.80,1.75,1.76,1.56,1.71,1.84,1.93,2.08,2.23,2.17,1.98,1.83,1.90,1.87,1.76,1.67,1.61,1.56,1.64,1.85,1.91,2.00,1.83,1.75,1.75,1.64,1.67,1.70,1.70,1.80,1.91,2.05,2.05,2.15,1.98,1.89,1.84,1.71,1.77,1.69,1.78,1.85,1.98,2.11,2.13,2.21,2.05,1.93,1.87,1.76
"Total Consumption","Total Petroleum Product Consumption",1,1,"million barrels per day","PATCPUSX",18.56,18.40,17.86,18.56,18.29,18.62,19.11,18.57,18.56,19.07,18.58,19.25,18.36,18.32,18.68,19.05,18.37,19.18,19.47,19.34,18.90,19.19,18.67,19.42,19.03,19.11,19.50,19.15,18.71,19.83,19.82,20.09,19.49,19.87,19.09,20.50,19.03,19.63,19.22,18.82,19.61,20.05,19.70,20.49,19.90,19.80,19.33,20.82,20.09,19.69,19.87,19.73,19.50,19.56,19.92,20.15,19.02,19.82,19.40,19.00,19.45,19.44,19.67,19.55,19.73,19.88,20.08,20.22,19.46,19.68,20.00,19.94,20.02,20.37,19.71,19.83,19.35,19.79,20.10,20.59,19.93,20.18,19.87,20.68,20.48,20.87,20.45,20.55,20.31,20.78,20.88,21.03,20.53,20.86,20.81,21.23,20.69,20.83,21.01,20.14,20.61,21.20,20.94,21.67,20.14,20.25,20.62,21.50,20.44,20.58,20.61,20.20,20.46,20.98,20.74,21.43,20.56,20.77,20.67,20.80,20.57,21.31,20.54,20.54,20.62,20.72,20.75,21.03,20.41,20.48,20.53,20.72,20.25,20.03,19.83,19.81,19.80,19.68,19.56,19.27,17.84,19.70,19.05,19.14,19.04,18.82,18.72,18.67,18.21,18.83,18.63,18.95,18.59,18.80,18.75,19.24,18.65,18.83,19.08,19.07,18.87,19.56,19.29,19.66,19.46,18.93,18.97,19.73,18.93,18.82,19.19,18.58,18.43,19.19,18.71,19.36,18.89,18.82,19.06,18.77,18.30,18.62,18.13,18.16,18.57,18.87,18.54,19.14,18.08,18.71,18.53,18.13,18.74,18.65,18.55,18.59,18.73,18.82,19.26,19.14,19.28,19.32,19.49,19.01,19.10,18.90,18.45,18.83,18.60,18.88,19.25,19.37,19.20,19.70,19.39,19.49,19.27,19.67,19.35,19.26,19.32,19.85,20.12,19.93,19.44,19.47,19.11,19.60,19.06,19.84,19.75,19.35,19.33,19.83,19.75,20.26,19.77,19.68,19.69,19.99,19.29,19.15,20.06,19.62,20.05,20.57,20.13,20.27,19.63,19.97,20.31,20.32,20.56,19.69,20.73,20.04,20.25,20.77,20.67,21.36,20.08,20.79,20.77,20.33,20.61,20.28,20.18,20.33,20.39,20.65,20.73,21.16,20.25,20.71,20.74,20.44,19.91,19.84,18.28,14.69,16.10,17.44,18.32,18.44,18.31,18.62,18.70,18.80,18.66,18.51,18.96,19.07,19.34,19.69,19.79,20.24,19.91,20.04,20.11,19.91,19.92,19.92,20.37,20.33,20.61,20.73,20.72,21.11,20.58,20.69,20.71,20.65
 , ,0,0,,,,,,,,,,,,,,,,,,,,,,,,,,,,,,,,,,,,,,,,,,,,,,,,,,,,,,,,,,,,,,,,,,,,,,,,,,,,,,,,,,,,,,,,,,,,,,,,,,,,,,,,,,,,,,,,,,,,,,,,,,,,,,,,,,,,,,,,,,,,,,,,,,,,,,,,,,,,,,,,,,,,,,,,,,,,,,,,,,,,,,,,,,,,,,,,,,,,,,,,,,,,,,,,,,,,,,,,,,,,,,,,,,,,,,,,,,,,,,,,,,,,,,,,,,,,,,,,,,,,,,,,,,,,,,,,,,,,,,,,,,,,,,,,,,,,,,,,,,,,,,,,,,,,,,,,,,
"Total Petroleum and Other Liquids Net Imports","Total Liquid Fuels Net Imports",1,1,"million barrels per day","PAIMPORT",8.93,8.48,8.79,9.16,9.85,9.63,9.02,9.38,9.38,9.69,9.00,8.28,8.99,9.11,9.04,10.17,9.95,9.87,10.78,9.97,9.67,10.22,9.90,9.42,9.52,9.84,10.11,10.17,10.49,10.37,10.73,10.23,9.62,9.96,9.26,8.89,8.93,10.27,9.96,10.37,10.50,11.00,10.74,11.12,10.86,9.97,10.22,10.82,11.64,10.73,11.33,11.72,11.34,10.70,10.94,10.61,10.92,10.59,10.68,9.77,10.27,9.76,10.28,10.97,10.82,11.00,10.83,10.69,9.98,10.86,11.17,10.05,9.80,10.00,11.12,11.55,11.59,12.06,11.76,11.80,11.81,11.39,10.93,10.99,11.27,11.61,12.32,11.73,12.32,12.49,12.49,12.60,11.71,12.36,12.42,11.80,12.07,12.49,11.92,12.15,12.63,12.79,12.67,12.55,12.39,13.35,13.14,12.44,12.74,12.29,11.73,12.04,12.96,12.92,12.60,13.44,12.94,11.81,11.65,11.56,12.26,10.82,12.68,12.48,12.76,12.22,12.25,12.15,12.29,11.66,11.42,11.33,11.95,10.81,10.79,11.59,11.11,11.25,11.07,11.06,10.24,11.54,11.16,10.75,11.21,10.29,10.61,10.06,9.46,9.97,9.48,9.06,9.65,8.65,9.08,8.54,9.40,9.20,9.47,10.09,9.74,10.14,10.16,9.95,9.48,8.66,8.50,8.49,9.41,8.04,9.02,8.67,9.07,9.09,8.63,8.16,8.05,7.90,8.00,7.32,8.04,7.50,7.49,7.34,7.91,8.21,7.56,7.80,7.31,6.79,6.78,6.01,7.21,6.01,6.42,6.93,6.70,6.29,6.45,6.52,6.40,5.53,5.42,4.94,5.39,5.50,5.26,5.63,5.27,4.68,5.03,4.86,5.23,4.79,4.66,4.51,4.89,4.63,5.53,4.44,4.65,4.95,4.61,5.35,4.51,4.22,4.25,4.48,4.73,5.13,4.91,4.63,4.44,4.62,5.31,5.23,4.76,4.71,4.87,4.22,5.10,3.57,4.13,4.04,4.50,4.07,3.66,4.45,3.46,2.65,2.73,2.80,3.82,2.68,2.49,2.58,2.51,2.90,2.23,3.27,2.47,1.46,0.99,0.72,1.79,0.45,0.96,1.14,1.65,0.72,1.52,0.95,0.04,-0.44,-0.64,-0.17,-0.60,-1.53,-1.28,-1.22,0.94,0.68,-0.57,-1.03,-0.83,-0.98,-0.21,-1.20,-0.83,0.11,0.17,0.51,0.82,0.42,0.38,0.81,0.57,0.35,0.22,-0.59,0.46,-0.06,0.27,0.82,0.95,0.64,0.19,0.11,-0.26,-0.42,-0.51,-1.26
"End-of-period Inventories","End-of-period Inventories",0,0,"million barrels",,,,,,,,,,,,,,,,,,,,,,,,,,,,,,,,,,,,,,,,,,,,,,,,,,,,,,,,,,,,,,,,,,,,,,,,,,,,,,,,,,,,,,,,,,,,,,,,,,,,,,,,,,,,,,,,,,,,,,,,,,,,,,,,,,,,,,,,,,,,,,,,,,,,,,,,,,,,,,,,,,,,,,,,,,,,,,,,,,,,,,,,,,,,,,,,,,,,,,,,,,,,,,,,,,,,,,,,,,,,,,,,,,,,,,,,,,,,,,,,,,,,,,,,,,,,,,,,,,,,,,,,,,,,,,,,,,,,,,,,,,,,,,,,,,,,,,,,,,,,,,,,,,,,,,,,,
"Commercial Inventory","Commercial Inventory",0,0,,,,,,,,,,,,,,,,,,,,,,,,,,,,,,,,,,,,,,,,,,,,,,,,,,,,,,,,,,,,,,,,,,,,,,,,,,,,,,,,,,,,,,,,,,,,,,,,,,,,,,,,,,,,,,,,,,,,,,,,,,,,,,,,,,,,,,,,,,,,,,,,,,,,,,,,,,,,,,,,,,,,,,,,,,,,,,,,,,,,,,,,,,,,,,,,,,,,,,,,,,,,,,,,,,,,,,,,,,,,,,,,,,,,,,,,,,,,,,,,,,,,,,,,,,,,,,,,,,,,,,,,,,,,,,,,,,,,,,,,,,,,,,,,,,,,,,,,,,,,,,,,,,,,,,,,,,
"Crude Oil (excluding SPR)","Crude Oil Closing Inventory",1,1,"million barrels","COSXPUS",300.5,297.1,313.2,319.1,326.3,320.3,309.7,300.9,303.8,316.0,323.5,304.7,316.8,317.8,334.5,351.1,350.9,332.3,338.1,329.0,309.8,330.2,335.3,323.5,332.2,333.6,345.0,335.5,340.0,331.7,331.9,315.2,303.5,304.1,298.3,284.5,283.9,285.8,297.1,303.8,294.7,290.6,282.2,287.3,277.9,277.9,286.4,285.5,294.3,282.5,308.5,330.6,328.4,308.2,312.9,307.9,309.3,313.2,312.2,312.0,320.3,327.4,333.5,324.6,327.0,317.6,304.3,296.2,270.6,291.5,288.1,277.6,274.0,271.1,281.6,291.4,285.5,284.6,284.9,279.5,286.7,294.6,281.2,268.9,271.6,284.3,297.3,303.3,304.5,304.8,294.4,278.6,273.0,286.7,288.2,285.7,270.3,286.0,303.5,321.7,320.0,311.9,302.4,293.6,290.3,306.0,306.3,307.7,307.2,326.4,326.4,331.3,324.3,320.5,315.4,316.6,316.6,322.9,318.2,295.8,307.3,300.3,313.5,324.8,336.1,337.0,319.5,303.5,294.0,290.0,282.2,268.4,278.7,284.6,297.2,302.2,286.1,278.3,277.8,285.0,286.5,295.2,304.0,308.2,333.2,339.3,348.4,352.2,341.1,328.7,327.2,317.5,317.1,314.4,318.8,307.1,316.1,322.4,338.4,342.6,341.3,345.0,337.0,338.7,342.3,346.8,331.4,312.1,323.5,326.8,338.4,344.4,346.1,333.7,324.3,324.8,308.2,314.9,314.6,308.2,317.9,322.9,347.6,357.0,363.8,362.2,346.7,336.4,343.3,349.5,352.4,337.8,349.3,356.8,364.6,367.6,363.3,348.8,339.4,337.1,344.0,352.6,344.2,327.2,336.2,345.3,355.0,365.3,365.5,354.3,338.7,331.1,332.2,351.7,356.7,360.9,389.2,415.3,443.2,452.7,449.0,438.8,424.8,425.9,429.1,455.2,456.0,449.2,471.8,492.2,504.8,509.3,511.9,500.9,493.5,486.7,471.5,491.2,490.7,484.6,506.8,525.4,538.6,524.3,516.8,501.6,483.4,460.0,469.6,459.7,453.1,421.6,420.8,423.8,424.9,436.6,434.2,415.2,409.6,407.6,416.7,433.8,449.4,442.5,449.0,451.7,458.9,469.8,481.1,463.4,441.6,430.1,425.6,443.4,445.9,432.8,442.8,454.2,482.5,529.2,521.0,531.9,519.3,504.0,497.3,493.6,500.4,485.3,472.8,484.5,488.5,491.4,490.4,476.1,462.6,453.9,454.3,463.9,466.0,454.3,457.9,464.5,476.6,484.4,484.3,475.6,460.6,449.5,450.3,459.9,462.5,451.6
"Hydrocarbon Gas Liquids","Hydrocarbon Gas Liquids Closing Inventory",1,1,"million barrels","NLPSPUS",74.9,62.5,69.3,79.8,96.2,112.6,126.4,138.9,140.3,136.3,120.0,95.2,79.8,76.8,76.0,91.6,114.4,131.5,142.1,156.0,162.9,155.4,143.0,123.8,100.1,92.2,86.4,95.3,108.9,117.4,127.9,136.2,133.3,124.1,117.1,94.7,72.7,61.9,62.8,74.3,92.1,103.0,118.5,129.5,131.0,123.5,113.6,87.7,68.9,65.3,69.9,78.9,101.0,118.7,130.7,144.1,148.8,145.1,140.3,128.3,111.0,96.2,92.2,108.6,122.1,134.9,146.0,157.1,158.3,147.4,132.5,113.3,83.0,63.9,64.0,71.1,87.9,107.6,124.1,133.3,133.9,132.2,124.0,100.9,80.1,66.6,73.1,79.8,94.2,103.8,121.6,137.1,145.3,135.3,126.6,111.1,93.6,82.8,81.4,100.7,120.6,137.4,150.3,154.9,156.4,154.7,146.1,117.4,103.9,89.0,81.6,93.7,108.1,120.4,133.8,146.7,157.3,155.2,142.5,125.1,103.0,81.2,81.7,87.1,102.0,113.9,124.2,135.8,137.8,136.5,124.1,105.9,87.1,73.6,72.9,88.3,103.5,115.4,127.5,140.6,152.5,146.6,138.6,126.9,114.2,104.7,106.7,116.2,134.1,149.8,162.1,169.3,171.3,158.9,135.4,112.6,85.6,76.4,79.3,95.7,112.4,126.8,138.2,147.2,148.7,147.2,139.7,117.6,98.3,83.1,82.8,92.4,105.5,119.8,134.9,146.1,147.7,146.6,135.5,121.3,110.1,103.7,112.2,127.0,144.1,158.4,170.9,181.9,186.4,177.4,166.1,148.1,130.2,116.4,110.8,119.8,138.6,155.7,167.8,182.0,184.7,170.3,150.9,121.3,96.2,88.5,92.9,111.7,136.1,159.7,184.4,202.4,208.6,203.6,188.4,170.1,148.2,127.8,133.7,152.8,172.9,188.5,201.7,217.1,221.5,221.3,211.3,191.5,161.2,144.3,148.9,164.2,181.2,206.6,226.1,244.9,248.1,239.1,228.0,195.5,161.2,151.2,145.2,150.2,167.7,187.2,203.0,226.3,225.5,228.1,213.8,187.4,152.6,137.4,135.9,142.0,159.2,178.6,194.5,211.6,223.3,221.8,204.9,183.9,160.5,151.2,160.3,175.0,201.7,224.5,238.4,255.8,262.8,252.5,231.9,211.7,195.1,178.7,180.8,195.6,209.7,233.9,256.7,282.8,299.1,287.0,267.4,229.2,185.6,162.1,158.8,165.0,182.1,199.5,217.0,235.7,242.5,240.5,228.0,204.4,179.5,164.2,164.4,175.9,194.9,213.6,228.1,246.5,252.1,248.7,234.7,211.6
"Unfinished Oils","Unfinished Oils Closing Inventory",1,1,"million barrels","UOPSPUS",91.0,95.3,103.2,100.6,103.6,94.0,91.5,92.3,93.5,95.2,92.8,88.8,92.5,97.8,101.4,99.5,97.9,98.3,94.6,96.6,97.2,97.1,96.2,90.8,91.4,92.3,103.1,103.0,99.8,97.8,96.5,93.5,89.6,91.3,93.2,86.3,89.2,92.6,95.5,96.8,91.8,90.9,91.8,88.4,86.5,89.5,87.6,87.1,91.5,96.9,101.4,99.7,96.4,93.2,89.7,90.7,93.1,92.3,91.3,87.7,91.1,90.2,93.7,95.0,91.2,87.8,87.2,85.3,85.0,90.5,88.2,75.8,80.3,83.8,85.1,85.0,84.2,88.1,86.0,85.2,85.5,84.9,83.0,75.9,84.2,93.2,95.4,92.5,90.4,92.1,90.4,90.5,90.8,86.3,86.9,81.4,89.0,90.8,95.3,90.7,89.1,88.5,87.5,85.5,90.1,93.6,94.0,85.7,88.1,88.7,95.3,94.2,94.3,91.2,92.6,92.5,89.8,88.4,86.7,83.8,86.8,88.2,95.2,96.4,92.3,88.6,89.6,89.5,90.9,91.1,89.4,81.2,85.0,90.4,90.2,89.7,89.1,88.7,89.3,89.9,91.4,92.3,90.2,83.5,87.9,88.8,94.0,94.5,96.3,92.0,88.6,83.3,85.0,86.6,85.2,79.9,83.6,87.6,87.2,90.6,88.4,84.2,82.5,82.2,83.3,87.4,86.3,80.6,83.2,85.4,87.9,91.4,91.2,91.9,88.9,89.2,88.6,91.2,85.5,78.8,85.5,88.9,90.5,87.5,88.1,86.4,84.7,82.1,88.3,87.8,86.5,82.3,88.3,86.5,89.9,92.0,87.2,86.8,83.7,82.8,81.6,85.4,85.1,78.0,83.9,89.5,91.9,94.9,92.9,87.6,84.8,82.9,84.3,90.3,85.5,78.3,85.4,85.3,85.0,86.2,84.1,86.3,89.5,88.6,89.0,87.3,86.1,82.9,88.2,89.6,91.6,90.4,90.3,86.8,88.3,84.3,83.5,85.6,82.8,80.3,89.1,89.9,91.9,92.8,95.9,89.9,90.2,90.7,91.6,90.7,87.5,86.3,89.6,90.2,98.1,94.1,93.9,92.2,89.4,89.6,91.9,92.1,91.8,85.9,89.0,92.9,92.2,96.1,98.2,95.9,96.3,94.7,92.3,98.4,94.8,89.8,92.5,98.8,100.1,93.0,88.9,91.9,89.0,82.3,81.4,80.3,80.2,78.2,82.6,89.8,92.4,94.7,92.5,91.0,89.7,89.0,90.2,92.0,89.0,83.0,88.7,90.9,93.0,95.2,92.9,91.0,89.8,89.0,90.0,91.8,89.0,83.2
"Other HC/Oxygenates","Other HC/Oxygenates Closing Inventory",1,1,"million barrels","OHPSPUS",13.3,13.3,13.6,13.2,13.3,12.4,12.8,13.2,13.0,11.8,12.3,12.5,13.5,13.8,13.8,13.7,13.3,13.9,13.6,12.8,13.2,12.5,13.5,14.2,14.5,15.6,15.0,13.2,15.1,14.1,13.1,13.9,15.0,14.7,13.5,13.6,14.2,15.4,13.8,12.9,13.8,13.7,13.9,13.2,13.2,14.5,14.4,11.8,11.7,11.8,12.4,11.7,11.9,13.2,13.2,13.5,13.8,13.1,13.4,13.2,14.7,13.9,13.7,13.9,14.9,15.2,14.6,14.3,13.4,13.1,13.4,12.2,13.4,13.3,14.3,13.1,14.8,13.9,13.4,11.4,14.2,13.4,11.8,11.4,11.1,10.9,11.1,10.2,9.2,9.4,9.3,10.3,10.7,11.4,12.0,10.6,11.0,10.8,11.2,10.3,10.8,9.7,9.3,8.5,8.4,9.2,9.1,8.8,9.5,10.4,11.2,11.0,10.2,8.7,10.0,11.0,11.5,11.1,10.8,10.4,10.9,10.6,10.2,11.3,10.4,10.6,11.4,12.5,13.4,13.0,12.6,11.7,12.8,12.8,14.1,14.3,15.3,14.8,14.8,16.3,17.3,16.1,16.0,15.8,16.7,17.5,18.2,17.1,15.5,15.4,15.4,15.8,16.4,16.5,17.5,18.8,20.4,21.4,22.6,22.3,22.7,20.5,19.9,19.1,18.9,18.6,19.9,19.4,22.7,23.3,23.8,23.7,23.3,21.9,21.7,20.8,21.2,20.6,21.1,21.4,24.8,26.3,26.3,25.8,25.3,24.6,23.3,22.0,22.8,21.6,22.6,23.3,23.4,21.9,21.6,21.0,20.5,19.9,20.7,21.1,20.0,19.6,20.8,21.6,22.3,22.4,22.7,22.5,23.3,23.3,23.7,22.1,22.4,21.3,21.1,23.3,26.3,27.1,27.0,26.5,25.9,25.2,25.5,24.7,23.9,23.9,25.6,27.1,29.2,29.6,29.1,28.0,27.2,27.9,28.0,27.7,27.4,26.9,27.0,29.0,31.7,31.9,32.8,32.1,30.2,29.3,29.5,29.6,28.5,28.4,30.0,29.6,31.7,32.2,31.1,31.0,29.5,28.7,28.9,28.9,30.5,29.7,30.3,31.4,32.5,32.2,30.9,30.7,29.6,29.1,29.1,28.4,28.3,27.4,27.4,27.8,30.2,30.2,33.6,32.3,28.7,26.2,25.5,25.5,25.2,27.1,28.6,29.9,29.2,27.5,27.1,26.7,26.3,26.0,26.0,25.6,25.8,25.2,25.6,26.1,28.1,28.3,28.2,27.8,27.4,26.9,26.8,26.5,26.6,26.1,26.4,26.9
"Total Motor Gasoline","Total Motor Gasoline Closing Inventory",1,1,"million barrels","MGTSPUS",208.3,203.8,199.6,197.2,202.2,204.3,190.0,187.0,198.5,199.9,202.9,209.8,220.5,221.5,215.8,214.5,220.3,221.8,215.6,210.2,206.6,202.6,212.2,215.6,231.4,229.1,216.8,218.3,224.8,216.9,204.4,200.6,207.2,204.1,205.5,193.3,208.0,201.3,203.8,206.3,207.6,209.5,209.4,194.4,196.9,187.9,198.3,195.9,205.9,206.4,193.6,200.0,212.7,220.7,208.5,193.4,205.9,207.8,212.3,209.9,222.0,217.8,213.4,216.4,218.1,216.6,214.5,204.0,206.5,193.5,205.9,209.1,211.5,203.3,200.2,207.4,208.2,206.1,201.5,193.3,198.5,192.3,204.0,206.8,210.0,204.7,200.9,201.4,205.4,208.5,211.4,208.2,204.7,203.5,211.7,217.6,222.2,229.3,213.7,217.8,218.3,217.6,206.9,191.1,196.1,201.0,205.3,208.3,220.4,222.4,208.7,206.9,214.2,213.3,208.9,209.0,214.1,204.6,204.0,211.8,227.4,215.3,201.6,196.9,202.7,205.5,205.1,194.0,200.0,198.6,204.8,218.1,232.8,235.2,222.2,211.3,208.3,210.9,206.7,195.7,190.0,195.0,203.7,213.6,219.6,216.4,217.1,210.5,204.1,213.9,212.5,207.8,214.1,211.1,219.7,223.3,232.2,234.6,225.0,220.5,217.7,215.6,220.0,221.0,219.3,209.7,212.8,219.4,235.6,229.7,215.0,204.3,213.8,215.0,215.2,210.4,214.8,206.6,219.7,223.1,233.6,230.6,218.6,210.6,205.0,207.6,209.6,200.7,200.9,203.0,215.3,230.9,234.4,226.8,224.7,220.8,221.3,224.4,222.4,217.6,219.8,214.0,216.8,228.0,235.9,229.5,221.6,216.8,218.2,219.3,217.6,212.1,212.5,203.7,219.6,240.4,244.0,241.3,232.9,228.6,222.6,221.1,217.7,218.3,225.2,217.4,222.9,235.5,261.6,256.2,243.7,243.5,243.4,242.7,240.9,230.4,227.7,225.6,233.8,238.6,261.1,253.6,239.6,243.5,242.5,238.4,232.9,226.8,223.2,215.9,224.9,236.8,248.9,253.2,239.7,240.1,242.9,240.7,234.3,236.3,240.0,232.7,230.2,246.5,262.4,252.1,236.6,230.9,235.8,229.9,235.4,230.4,232.0,224.5,233.7,254.1,264.2,251.7,260.8,257.3,258.2,253.3,249.3,236.6,226.5,227.3,241.2,243.2,254.0,242.3,232.1,230.8,232.7,231.9,229.2,224.8,226.3,219.9,224.1,234.2,250.3,252.4,241.7,239.8,240.2,245.0,243.8,236.0,233.0,229.3,239.1,249.3
"Finished Motor Gasoline","Finished Motor Gasoline Closing Inventory",1,1,"million barrels","MGPSPUS",164.7,161.5,153.9,151.8,158.1,163.7,150.9,149.6,157.9,157.9,161.6,166.4,174.3,173.1,166.8,168.2,173.9,177.3,172.1,167.4,163.9,160.0,167.5,171.8,183.2,179.4,169.2,171.3,176.6,173.3,164.6,159.7,162.3,161.4,163.6,154.1,165.3,156.4,157.1,160.6,162.2,164.5,164.6,151.0,154.2,147.4,156.7,153.0,158.7,154.6,144.7,150.3,160.1,169.4,162.3,150.6,158.0,160.2,161.2,161.5,169.7,165.5,159.8,167.0,168.3,167.6,164.8,157.3,157.4,148.2,158.0,161.9,157.2,151.1,144.7,151.4,155.2,153.0,150.1,145.2,146.1,140.4,146.3,146.9,138.7,133.5,132.1,133.1,137.2,140.2,140.5,137.9,135.7,138.4,141.5,143.2,145.6,146.4,136.4,141.1,140.7,140.9,133.6,122.5,127.3,131.3,135.4,135.8,142.2,137.9,124.2,115.4,121.5,119.1,117.9,116.6,120.5,112.8,113.8,116.1,124.3,116.0,109.2,108.5,114.5,116.6,114.2,110.6,113.2,108.8,110.5,111.4,117.4,119.9,110.6,106.2,106.0,107.3,102.3,97.8,92.6,95.9,96.8,98.3,95.3,86.9,85.9,86.0,83.5,88.6,86.1,86.7,84.7,79.4,83.0,84.9,87.2,83.6,81.9,78.1,75.2,71.8,71.9,72.4,70.2,65.1,65.5,63.3,69.6,67.8,61.2,54.6,56.4,55.5,53.3,54.5,56.3,55.1,57.6,60.6,61.5,58.7,54.1,50.5,50.0,51.9,52.0,48.3,47.8,49.7,52.6,55.2,55.2,53.1,47.3,45.1,46.4,48.6,49.7,47.7,39.8,37.6,37.5,39.0,39.4,37.7,34.4,31.1,31.5,28.8,28.9,27.7,28.4,27.8,29.7,31.2,30.5,30.4,26.7,25.1,26.1,25.2,24.1,26.0,29.0,27.7,27.8,28.6,26.5,26.9,26.3,24.7,23.4,24.7,24.4,25.6,24.8,25.8,26.1,28.4,28.4,25.4,21.5,21.6,22.0,22.5,23.2,24.6,21.8,23.1,23.6,24.5,25.0,24.8,22.9,22.6,23.8,24.6,24.2,23.2,24.7,24.9,24.1,25.8,28.7,23.9,20.9,20.9,22.2,21.5,21.9,23.1,23.0,23.3,24.8,26.1,27.7,25.9,22.6,22.9,24.0,23.5,24.3,25.2,22.4,25.2,25.0,25.3,23.1,22.4,21.0,21.0,22.3,23.2,21.1,23.3,22.2,22.0,23.2,24.4,23.6,26.6,24.1,24.2,22.3,23.8,23.3,24.0,23.1,20.9,23.8,26.1
"Motor Gasoline Blend Comp.","Motor Gasoline Blend Components Closing Inventory",1,1,"million barrels","MBPSPUS",43.6,42.3,45.7,45.4,44.1,40.6,39.1,37.4,40.6,42.0,41.4,43.4,46.2,48.4,49.0,46.3,46.4,44.5,43.6,42.8,42.7,42.6,44.7,43.8,48.2,49.7,47.5,47.1,48.2,43.6,39.7,40.9,44.8,42.7,41.9,39.2,42.7,44.9,46.7,45.7,45.3,45.0,44.8,43.4,42.7,40.5,41.6,42.8,47.2,51.8,48.9,49.8,52.6,51.3,46.2,42.9,47.8,47.5,51.1,48.4,52.3,52.3,53.6,49.4,49.8,49.0,49.7,46.6,49.1,45.3,47.9,47.2,54.3,52.2,55.6,56.0,53.0,53.1,51.5,48.1,52.4,51.9,57.7,59.9,71.3,71.2,68.8,68.3,68.2,68.3,70.9,70.3,69.0,65.1,70.2,74.4,76.5,82.9,77.3,76.7,77.6,76.7,73.3,68.6,68.8,69.7,69.8,72.5,78.3,84.5,84.6,91.5,92.7,94.1,90.9,92.4,93.6,91.8,90.2,95.7,103.2,99.3,92.4,88.4,88.2,88.9,90.9,83.3,86.8,89.8,94.2,106.7,115.4,115.2,111.6,105.1,102.3,103.6,104.4,98.0,97.4,99.1,106.9,115.2,124.3,129.5,131.2,124.5,120.5,125.2,126.4,121.1,129.4,131.8,136.7,138.4,145.1,150.9,143.1,142.3,142.6,143.8,148.1,148.6,149.0,144.6,147.3,156.2,166.0,161.9,153.8,149.6,157.4,159.5,161.9,155.8,158.5,151.6,162.1,162.5,172.1,172.0,164.5,160.1,155.0,155.7,157.6,152.4,153.1,153.3,162.6,175.7,179.2,173.6,177.3,175.7,175.0,175.7,172.6,169.9,180.0,176.4,179.3,189.1,196.5,191.8,187.2,185.6,186.7,190.5,188.7,184.4,184.1,175.9,189.8,209.1,213.4,210.9,206.2,203.5,196.5,195.9,193.7,192.2,196.2,189.7,195.2,206.9,235.1,229.3,217.5,218.8,220.0,218.0,216.5,204.9,202.9,199.8,207.7,210.2,232.7,228.2,218.0,221.9,220.5,215.9,209.7,202.2,201.4,192.8,201.3,212.3,223.9,228.5,216.8,217.6,219.1,216.2,210.1,213.1,215.2,207.8,206.1,220.7,233.7,228.2,215.7,210.0,213.7,208.4,213.5,207.3,209.0,201.1,208.9,228.0,236.6,225.9,238.3,234.4,234.2,229.8,225.0,211.5,204.1,202.1,216.2,217.9,230.9,219.8,211.1,209.8,210.4,208.7,208.0,201.5,204.1,197.9,200.8,209.8,226.6,225.9,217.6,215.6,217.9,221.2,220.5,212.0,210.0,208.3,215.3,223.2
"Jet Fuel","Jet Fuel Closing Inventory",1,1,"million barrels","JFPSPUS",36.7,37.6,39.3,39.6,41.1,43.4,43.0,43.2,45.5,46.1,46.4,44.0,44.1,42.4,43.1,41.4,43.1,44.1,42.1,46.5,46.0,42.8,45.5,44.7,44.8,45.5,42.1,45.9,47.5,45.7,46.4,46.5,48.7,44.0,41.3,40.5,43.6,41.5,40.5,41.3,42.2,43.7,42.9,42.7,42.3,42.7,42.3,44.5,43.9,42.7,40.6,40.4,42.3,43.2,42.3,41.6,42.8,40.3,40.2,42.0,41.2,40.8,41.8,40.4,41.0,39.1,38.4,39.4,40.6,41.7,42.7,39.2,40.6,38.5,36.6,36.5,40.1,38.3,38.3,38.6,40.1,40.2,38.0,38.8,39.9,36.4,35.6,35.2,38.1,38.8,40.8,41.8,41.3,40.2,40.9,40.1,43.0,40.3,37.8,39.6,39.4,40.7,40.4,38.5,37.5,38.8,42.4,41.7,43.8,42.5,42.0,41.0,41.0,39.4,39.6,39.5,41.9,41.9,37.7,39.1,39.1,38.7,40.1,40.3,41.5,41.1,42.0,41.0,42.9,41.7,40.2,39.5,41.0,39.7,38.7,39.3,40.3,39.8,41.4,41.0,37.8,38.4,37.9,38.0,41.3,43.1,43.1,43.8,44.7,44.8,46.7,46.0,46.3,43.8,42.4,43.4,43.8,43.9,42.2,44.4,44.6,44.8,47.3,47.1,46.8,44.2,44.1,43.2,41.8,39.4,40.1,38.4,41.2,42.3,44.2,43.1,45.9,45.1,41.9,41.5,42.1,41.1,39.1,40.3,39.9,38.5,40.0,43.2,44.0,44.7,41.0,39.6,39.6,40.5,39.9,41.3,40.8,40.4,39.2,39.5,41.1,39.0,37.0,37.2,37.8,38.4,36.4,38.6,39.0,37.1,35.7,35.8,39.8,36.5,36.0,38.3,39.2,39.6,38.3,38.4,42.5,43.8,43.7,43.0,40.5,37.5,38.1,40.4,42.9,42.6,44.3,43.9,44.7,40.7,42.1,42.8,44.9,44.9,45.0,43.0,42.5,44.1,42.4,44.5,44.5,41.0,41.1,40.4,43.6,41.8,41.1,41.3,42.6,43.1,40.3,41.2,41.6,40.9,41.0,41.8,46.8,42.3,39.3,41.6,41.2,42.0,41.6,40.9,39.3,40.5,43.0,43.1,44.3,39.8,40.6,40.5,44.0,42.7,39.9,40.0,40.4,41.5,41.0,40.1,40.1,37.6,37.6,38.6,42.2,38.5,38.3,39.2,40.0,39.5,40.9,40.5,42.0,41.3,39.2,39.1,39.7,39.3,38.8,39.6,40.3,39.7,41.0,40.7,42.1,41.3,39.3,39.1
"Distillate Fuel Oil","Distillate Fuel Oil Closing Inventory",1,1,"million barrels","DFPSPUS",111.0,105.5,101.2,97.2,108.3,118.1,123.1,133.0,138.7,135.9,140.6,138.4,132.8,127.6,124.5,125.3,136.3,136.3,147.0,149.0,152.6,147.4,154.6,156.1,142.9,140.5,124.6,125.0,131.8,132.5,137.3,141.2,145.3,138.6,141.4,125.5,106.6,105.2,95.8,99.8,104.7,106.0,112.7,110.7,115.1,117.1,120.0,118.0,118.2,117.0,105.0,104.9,107.1,113.9,125.2,122.0,127.0,128.9,138.9,144.5,136.9,130.0,123.1,122.4,127.0,133.1,133.8,130.6,126.9,121.4,124.4,134.1,112.6,97.7,98.6,97.2,106.7,112.2,118.0,126.5,131.3,132.1,136.1,136.5,122.8,112.2,104.4,101.5,107.5,114.3,121.9,130.8,123.1,118.3,123.2,126.3,121.9,117.3,105.4,105.4,112.4,119.7,133.3,139.1,127.7,124.7,133.7,136.0,139.4,135.6,120.5,116.5,124.0,129.9,137.5,145.1,149.3,142.8,140.6,143.7,139.6,123.7,120.0,121.3,125.1,123.8,130.3,134.6,134.2,134.4,134.8,133.9,131.0,117.6,107.8,107.1,113.9,121.7,130.9,133.0,127.7,127.6,135.9,146.0,143.7,148.1,145.3,150.1,156.7,162.7,165.9,168.6,172.7,171.2,171.1,166.0,163.5,155.3,146.8,144.8,150.0,157.9,166.6,170.3,166.7,161.5,162.0,164.3,163.1,154.1,149.2,142.9,144.8,143.9,154.5,155.1,153.4,142.3,143.9,149.2,147.2,139.3,133.7,124.7,121.4,119.9,126.5,127.3,127.4,118.7,118.0,134.8,131.3,122.0,118.7,118.8,122.1,122.5,126.0,129.1,129.3,118.0,121.1,127.5,114.7,113.1,115.2,116.7,121.6,121.6,125.5,128.3,131.4,120.4,126.2,136.3,132.6,123.6,128.7,129.8,135.4,139.6,142.1,152.5,149.4,143.6,157.2,161.3,160.6,162.5,160.1,154.7,154.9,149.8,156.5,160.3,161.1,154.7,161.3,166.1,170.2,162.8,152.0,155.0,154.2,152.1,151.5,147.8,137.3,130.1,133.4,145.6,141.3,138.9,130.5,120.9,115.6,120.5,127.2,132.3,137.2,124.8,126.5,140.2,140.1,136.3,132.2,128.3,129.9,131.1,137.7,135.6,131.8,120.1,126.2,140.1,143.0,132.7,126.7,150.7,175.9,175.4,177.6,178.9,171.7,155.3,156.3,160.4,162.1,141.3,136.4,132.8,134.8,136.8,139.5,141.8,140.1,133.0,137.4,142.9,142.4,138.6,132.5,131.5,135.0,137.5,142.8,145.7,144.5,136.5,139.8,145.6
"Residual Fuel Oil","Residual Fuel Oil Closing Inventory",1,1,"million barrels","RFPSPUS",41.9,40.0,41.4,40.5,39.2,39.2,35.5,36.4,34.8,36.1,37.9,40.5,39.7,38.2,40.6,39.2,38.8,39.7,39.6,41.8,39.7,40.9,42.7,44.9,43.9,42.1,39.5,40.3,40.6,42.5,44.4,38.7,40.8,40.5,40.4,35.8,36.1,34.4,36.4,35.3,37.3,37.0,35.4,37.1,37.7,35.0,39.0,36.2,37.2,38.4,39.0,39.6,41.1,41.7,39.1,35.0,37.2,38.2,39.2,41.0,41.4,39.0,34.3,34.6,33.9,32.7,33.5,31.9,33.0,33.6,35.6,31.3,31.3,30.9,32.0,30.7,35.9,35.3,31.5,30.1,31.6,33.9,35.9,37.8,38.1,39.7,38.8,36.3,36.1,37.5,34.7,37.2,34.0,36.1,42.4,42.4,40.9,40.8,39.6,37.0,38.0,37.7,36.9,33.1,34.2,35.7,39.8,37.4,40.8,41.6,40.8,39.2,41.1,42.7,43.0,41.9,43.4,42.0,43.4,42.4,42.3,35.8,39.6,38.4,36.5,36.1,39.7,36.4,37.0,38.8,38.8,39.3,39.3,39.4,39.9,39.5,40.1,41.2,36.8,38.6,38.9,39.4,38.6,36.1,33.5,38.3,38.4,34.5,38.4,36.9,35.2,33.4,35.2,35.1,36.4,37.2,40.3,41.4,40.7,43.5,45.6,42.7,41.3,38.8,40.1,41.1,40.5,41.3,39.4,35.3,37.7,39.9,37.6,37.9,38.2,39.0,34.7,36.9,39.3,34.2,34.0,36.0,36.6,34.6,33.0,36.9,35.9,34.2,35.5,37.4,37.0,34.0,35.5,38.0,37.0,40.3,39.0,37.6,37.8,35.2,35.6,36.3,35.7,38.1,36.9,36.4,36.0,36.0,38.3,36.6,35.7,37.5,36.6,36.8,36.3,33.7,34.4,37.1,38.4,39.2,41.4,42.0,40.1,38.9,41.6,43.2,43.6,42.1,44.1,45.9,44.5,43.2,40.3,40.4,38.5,39.6,38.9,39.3,40.8,41.5,38.5,37.8,37.5,36.5,37.0,33.2,31.2,32.7,33.6,30.0,29.8,29.4,32.5,32.9,35.0,32.3,31.9,30.0,29.3,27.8,28.7,29.2,29.8,28.3,29.7,28.4,29.2,28.9,30.2,30.5,30.7,28.8,30.0,29.7,32.7,30.5,30.7,31.2,34.4,36.5,39.4,39.6,36.3,34.8,32.1,31.2,31.2,30.2,32.6,31.6,32.0,31.7,33.2,33.4,32.2,31.0,31.4,32.2,33.8,32.6,32.5,32.1,32.2,31.5,32.8,32.9,31.7,30.7,31.1,31.9,33.6,32.6
"Other Oils","Other Oils Closing Inventory",1,1,"million barrels","PSPSPUS",59.5,63.1,67.3,66.7,67.4,67.1,63.6,61.7,60.9,57.0,59.7,62.5,66.7,69.3,73.6,74.2,73.5,69.3,65.4,63.5,61.0,56.6,60.2,61.9,69.0,72.5,75.6,75.2,75.5,68.9,66.2,61.1,56.0,51.5,50.7,51.5,54.8,58.7,61.3,65.3,64.2,62.6,62.4,57.2,56.0,54.1,56.1,60.1,65.3,70.3,71.3,73.3,71.2,67.0,63.0,56.2,56.4,52.9,52.7,57.6,57.4,61.2,65.6,65.8,64.5,62.6,59.9,55.3,52.6,50.7,51.8,56.3,58.4,58.8,62.8,64.1,66.4,65.2,60.3,55.7,51.9,47.2,50.5,52.9,57.5,62.2,62.0,61.9,63.3,59.4,56.0,50.8,48.5,49.1,51.6,54.1,59.6,66.1,68.4,70.7,71.2,63.8,61.5,55.1,53.9,51.4,50.9,53.9,59.9,61.5,62.2,62.5,61.5,58.6,58.1,56.4,57.1,55.1,56.2,62.3,61.7,66.5,69.7,70.8,69.6,65.6,64.2,61.0,56.4,52.1,50.2,52.7,52.9,53.7,53.9,55.7,55.7,51.8,48.2,45.7,42.5,41.2,47.6,49.3,53.6,56.6,60.3,59.7,60.2,57.9,53.9,49.8,47.3,44.5,43.2,43.5,49.1,50.7,54.4,54.6,56.6,52.3,51.6,46.4,43.4,40.1,40.2,45.0,49.7,51.0,50.1,50.8,51.7,50.5,50.4,45.1,43.8,41.7,43.7,45.9,47.9,49.8,51.0,50.4,50.7,49.2,47.9,45.7,44.5,43.4,44.5,48.9,50.2,51.9,55.8,55.4,54.8,53.6,51.5,48.5,46.1,43.4,45.9,49.4,51.0,53.4,52.9,52.7,51.7,50.6,48.3,48.1,46.7,44.1,47.2,49.6,53.1,55.4,58.3,57.1,57.4,54.6,51.8,50.3,48.4,47.3,50.4,53.9,56.0,57.2,58.6,59.1,57.8,55.5,54.7,52.2,50.3,46.8,47.1,51.2,52.7,55.2,56.5,57.5,58.1,55.4,54.0,50.6,48.0,45.0,45.7,51.0,55.3,58.3,60.3,62.7,61.2,60.0,58.4,56.0,56.1,53.9,55.4,58.7,60.6,61.5,63.3,63.1,61.3,59.2,56.9,53.8,51.2,49.9,50.2,54.6,56.1,59.1,62.0,63.0,63.3,59.2,56.3,51.2,48.6,46.3,46.5,49.3,53.9,55.8,57.0,57.6,57.7,56.0,54.5,52.2,50.4,47.9,49.8,52.7,57.2,59.9,61.8,62.7,62.7,59.6,57.1,52.5,50.3,47.8,48.5,51.8
"Total Commercial Inventory","Total Commercial Petroleum Closing Inventory",1,1,"million barrels","PASXPUS",937,918,948,954,998,1011,996,1007,1029,1034,1036,996,1006,1005,1024,1051,1089,1087,1098,1105,1089,1085,1103,1076,1070,1063,1048,1052,1084,1068,1068,1047,1039,1013,1001,926,909,897,907,936,948,957,969,960,957,942,958,927,937,931,942,979,1012,1020,1025,1005,1034,1032,1040,1036,1036,1016,1011,1022,1040,1040,1032,1014,987,983,983,949,905,861,875,896,930,951,958,954,974,971,965,930,915,910,919,922,949,969,980,985,971,967,983,969,951,964,956,994,1020,1027,1028,999,995,1015,1028,997,1013,1018,989,996,1019,1025,1039,1059,1081,1064,1040,1014,1018,960,972,987,1016,1022,1026,1008,1007,996,977,951,961,947,937,947,952,963,973,986,984,992,1013,1017,1044,1053,1071,1079,1091,1102,1108,1092,1105,1082,1070,1032,1035,1034,1037,1059,1079,1090,1104,1111,1110,1097,1077,1043,1057,1028,1025,1028,1055,1057,1072,1074,1058,1046,1045,1024,1043,1039,1056,1058,1071,1084,1085,1073,1093,1083,1084,1080,1082,1061,1063,1077,1088,1090,1088,1093,1102,1078,1058,1028,1015,1016,1025,1055,1087,1090,1094,1100,1114,1108,1117,1131,1152,1153,1186,1211,1231,1240,1237,1259,1268,1277,1291,1284,1316,1320,1326,1336,1352,1351,1369,1369,1353,1354,1357,1330,1354,1352,1337,1336,1347,1328,1317,1305,1301,1270,1259,1229,1215,1210,1196,1201,1210,1207,1213,1232,1271,1260,1258,1259,1265,1248,1245,1264,1307,1304,1309,1301,1298,1286,1283,1282,1299,1279,1321,1397,1426,1453,1451,1436,1422,1386,1389,1344,1315,1273,1263,1270,1290,1290,1291,1295,1303,1296,1293,1269,1276,1270,1269,1289,1311,1322,1322,1317,1320,1313,1313,1292
"Crude Oil in SPR","Crude Oil Stratgeic Petroleum Reserve Inventory",1,1,"million barrels","COSQPUS",563,563,563,563,563,563,563,563,563,563,563,563,563,563,563,563,563,563,563,563,563,564,569,571,572,572,572,572,574,575,576,575,575,572,569,567,568,569,569,569,569,569,570,571,570,564,548,541,542,542,542,542,543,543,544,544,545,545,547,550,555,560,561,567,571,576,579,582,587,590,596,599,599,599,599,600,603,609,612,618,624,631,634,638,641,647,652,658,661,662,666,669,670,670,673,676,680,682,688,692,694,696,699,701,694,685,686,685,683,685,686,688,689,688,688,688,688,689,689,689,689,689,689,689,690,690,690,690,693,694,696,697,698,699,700,701,704,706,707,707,702,702,702,702,704,706,713,719,722,724,724,724,725,725,726,727,727,727,727,727,727,727,727,727,727,727,727,727,727,727,727,727,727,727,718,696,696,696,696,696,696,696,696,696,696,696,696,696,695,695,695,695,696,696,696,696,696,696,696,696,696,696,696,696,696,696,696,693,691,691,691,691,691,691,691,691,691,691,691,691,692,694,695,695,695,695,695,695,695,695,695,695,695,695,695,695,695,695,695,695,695,695,692,689,684,679,679,679,674,669,661,663,664,665,665,664,660,660,660,660,660,655,650,649,649,649,649,649,645,645,645,645,645,641,635,635,635,635,635,638,648,656,656,648,642,639,638,638,638,637,636,633,630,627,624,623,621,620,618,617,615,614,613,611,610,608,607,606,606,602,599,596