"5a. U.S. Natural Gas Supply, Consumption, and Inventories"
"https://www.eia.gov/outlooks/steo/data/browser/#/?v=15&f=M&s=0&start=199701&end=202212&maptype=0&ctype=linechart&linechart=NGMPPUS"
"Tue Mar 23 2021 19:18:49 GMT+0100 (Mitteleurop√§ische Normalzeit)"
"Source: U.S. Energy Information Administration"
"remove","","map","linechart","units","source key","Jan 1997","Feb 1997","Mar 1997","Apr 1997","May 1997","Jun 1997","Jul 1997","Aug 1997","Sep 1997","Oct 1997","Nov 1997","Dec 1997","Jan 1998","Feb 1998","Mar 1998","Apr 1998","May 1998","Jun 1998","Jul 1998","Aug 1998","Sep 1998","Oct 1998","Nov 1998","Dec 1998","Jan 1999","Feb 1999","Mar 1999","Apr 1999","May 1999","Jun 1999","Jul 1999","Aug 1999","Sep 1999","Oct 1999","Nov 1999","Dec 1999","Jan 2000","Feb 2000","Mar 2000","Apr 2000","May 2000","Jun 2000","Jul 2000","Aug 2000","Sep 2000","Oct 2000","Nov 2000","Dec 2000","Jan 2001","Feb 2001","Mar 2001","Apr 2001","May 2001","Jun 2001","Jul 2001","Aug 2001","Sep 2001","Oct 2001","Nov 2001","Dec 2001","Jan 2002","Feb 2002","Mar 2002","Apr 2002","May 2002","Jun 2002","Jul 2002","Aug 2002","Sep 2002","Oct 2002","Nov 2002","Dec 2002","Jan 2003","Feb 2003","Mar 2003","Apr 2003","May 2003","Jun 2003","Jul 2003","Aug 2003","Sep 2003","Oct 2003","Nov 2003","Dec 2003","Jan 2004","Feb 2004","Mar 2004","Apr 2004","May 2004","Jun 2004","Jul 2004","Aug 2004","Sep 2004","Oct 2004","Nov 2004","Dec 2004","Jan 2005","Feb 2005","Mar 2005","Apr 2005","May 2005","Jun 2005","Jul 2005","Aug 2005","Sep 2005","Oct 2005","Nov 2005","Dec 2005","Jan 2006","Feb 2006","Mar 2006","Apr 2006","May 2006","Jun 2006","Jul 2006","Aug 2006","Sep 2006","Oct 2006","Nov 2006","Dec 2006","Jan 2007","Feb 2007","Mar 2007","Apr 2007","May 2007","Jun 2007","Jul 2007","Aug 2007","Sep 2007","Oct 2007","Nov 2007","Dec 2007","Jan 2008","Feb 2008","Mar 2008","Apr 2008","May 2008","Jun 2008","Jul 2008","Aug 2008","Sep 2008","Oct 2008","Nov 2008","Dec 2008","Jan 2009","Feb 2009","Mar 2009","Apr 2009","May 2009","Jun 2009","Jul 2009","Aug 2009","Sep 2009","Oct 2009","Nov 2009","Dec 2009","Jan 2010","Feb 2010","Mar 2010","Apr 2010","May 2010","Jun 2010","Jul 2010","Aug 2010","Sep 2010","Oct 2010","Nov 2010","Dec 2010","Jan 2011","Feb 2011","Mar 2011","Apr 2011","May 2011","Jun 2011","Jul 2011","Aug 2011","Sep 2011","Oct 2011","Nov 2011","Dec 2011","Jan 2012","Feb 2012","Mar 2012","Apr 2012","May 2012","Jun 2012","Jul 2012","Aug 2012","Sep 2012","Oct 2012","Nov 2012","Dec 2012","Jan 2013","Feb 2013","Mar 2013","Apr 2013","May 2013","Jun 2013","Jul 2013","Aug 2013","Sep 2013","Oct 2013","Nov 2013","Dec 2013","Jan 2014","Feb 2014","Mar 2014","Apr 2014","May 2014","Jun 2014","Jul 2014","Aug 2014","Sep 2014","Oct 2014","Nov 2014","Dec 2014","Jan 2015","Feb 2015","Mar 2015","Apr 2015","May 2015","Jun 2015","Jul 2015","Aug 2015","Sep 2015","Oct 2015","Nov 2015","Dec 2015","Jan 2016","Feb 2016","Mar 2016","Apr 2016","May 2016","Jun 2016","Jul 2016","Aug 2016","Sep 2016","Oct 2016","Nov 2016","Dec 2016","Jan 2017","Feb 2017","Mar 2017","Apr 2017","May 2017","Jun 2017","Jul 2017","Aug 2017","Sep 2017","Oct 2017","Nov 2017","Dec 2017","Jan 2018","Feb 2018","Mar 2018","Apr 2018","May 2018","Jun 2018","Jul 2018","Aug 2018","Sep 2018","Oct 2018","Nov 2018","Dec 2018","Jan 2019","Feb 2019","Mar 2019","Apr 2019","May 2019","Jun 2019","Jul 2019","Aug 2019","Sep 2019","Oct 2019","Nov 2019","Dec 2019","Jan 2020","Feb 2020","Mar 2020","Apr 2020","May 2020","Jun 2020","Jul 2020","Aug 2020","Sep 2020","Oct 2020","Nov 2020","Dec 2020","Jan 2021","Feb 2021","Mar 2021","Apr 2021","May 2021","Jun 2021","Jul 2021","Aug 2021","Sep 2021","Oct 2021","Nov 2021","Dec 2021","Jan 2022","Feb 2022","Mar 2022","Apr 2022","May 2022","Jun 2022","Jul 2022","Aug 2022","Sep 2022","Oct 2022","Nov 2022","Dec 2022"
"5a. U.S. Natural Gas Supply, Consumption, and Inventories","5a. U.S. Natural Gas Supply, Consumption, and Inventories",0,0,,,,,,,,,,,,,,,,,,,,,,,,,,,,,,,,,,,,,,,,,,,,,,,,,,,,,,,,,,,,,,,,,,,,,,,,,,,,,,,,,,,,,,,,,,,,,,,,,,,,,,,,,,,,,,,,,,,,,,,,,,,,,,,,,,,,,,,,,,,,,,,,,,,,,,,,,,,,,,,,,,,,,,,,,,,,,,,,,,,,,,,,,,,,,,,,,,,,,,,,,,,,,,,,,,,,,,,,,,,,,,,,,,,,,,,,,,,,,,,,,,,,,,,,,,,,,,,,,,,,,,,,,,,,,,,,,,,,,,,,,,,,,,,,,,,,,,,,,,,,,,,,,,,,,,,,,,
"Supply","Supply",0,0,"billion cubic feet per day",,,,,,,,,,,,,,,,,,,,,,,,,,,,,,,,,,,,,,,,,,,,,,,,,,,,,,,,,,,,,,,,,,,,,,,,,,,,,,,,,,,,,,,,,,,,,,,,,,,,,,,,,,,,,,,,,,,,,,,,,,,,,,,,,,,,,,,,,,,,,,,,,,,,,,,,,,,,,,,,,,,,,,,,,,,,,,,,,,,,,,,,,,,,,,,,,,,,,,,,,,,,,,,,,,,,,,,,,,,,,,,,,,,,,,,,,,,,,,,,,,,,,,,,,,,,,,,,,,,,,,,,,,,,,,,,,,,,,,,,,,,,,,,,,,,,,,,,,,,,,,,,,,,,,,,,,
"Total Marketed Production","U.S. Marketed (Wet) Natural Gas Production",1,1,"billion cubic feet per day","NGMPPUS",54.85,55.02,55.18,54.35,54.60,53.44,53.72,53.62,54.13,54.15,54.20,53.41,56.15,55.33,55.79,55.67,55.87,55.34,54.54,54.92,51.52,53.80,53.86,53.45,55.14,55.03,55.02,54.32,53.55,54.02,53.79,53.68,53.69,53.84,54.69,54.41,55.12,54.27,55.56,54.28,54.57,55.05,55.03,55.44,55.44,56.45,55.49,55.43,56.56,56.52,56.99,56.78,56.88,56.19,56.04,56.04,56.29,56.69,55.71,55.61,54.86,54.39,54.89,54.81,55.20,54.95,55.46,54.33,53.10,52.59,54.47,54.67,54.54,54.90,56.10,55.51,54.85,54.89,53.78,54.87,54.63,54.66,54.00,53.97,54.01,53.50,54.36,54.31,53.36,53.97,53.82,53.36,51.68,52.27,52.79,52.48,52.67,53.51,54.43,53.82,53.29,53.72,52.50,52.24,46.70,47.60,50.48,51.37,51.97,51.82,52.63,52.35,52.65,53.80,53.24,53.42,53.91,54.04,53.84,54.36,53.31,54.05,54.94,54.22,55.57,55.55,54.94,55.25,55.82,55.92,57.08,57.26,56.95,57.45,58.20,58.01,58.00,58.70,59.77,58.92,51.97,56.59,58.60,58.93,60.34,60.89,60.49,59.44,59.46,59.73,58.96,59.43,57.80,58.55,58.58,58.14,58.84,60.10,60.15,60.44,60.85,60.08,61.16,61.87,62.03,63.10,63.09,64.01,62.99,61.75,64.59,65.36,65.51,65.15,65.57,66.34,66.24,68.35,69.21,68.87,69.44,68.08,68.34,68.15,68.43,68.00,69.75,69.41,69.81,69.96,70.06,69.44,68.92,69.12,68.93,69.82,69.58,69.48,70.85,70.70,70.52,70.73,71.45,70.25,70.93,72.61,73.13,74.92,74.52,74.90,76.50,76.91,76.88,77.65,77.15,77.75,78.08,78.46,78.81,79.95,78.80,78.61,78.86,78.95,79.45,78.87,78.54,78.55,78.56,79.67,78.77,78.72,77.82,77.08,77.71,77.09,76.58,76.28,76.92,76.05,75.47,76.52,78.25,78.35,78.35,79.11,79.92,79.88,81.27,82.72,85.29,85.89,84.46,86.23,87.23,87.08,88.09,88.53,90.30,92.12,93.63,94.81,96.47,96.00,96.15,96.74,97.40,97.79,98.56,98.95,99.48,101.92,101.79,103.23,103.99,104.27,102.63,102.02,102.13,100.06,94.63,95.87,97.53,97.96,97.14,96.64,99.60,99.70,99.83,94.99,98.81,98.55,98.49,98.71,98.96,99.40,99.72,99.80,100.00,99.80,99.60,99.53,99.61,99.77,99.97,100.28,100.69,101.10,101.58,101.71,101.93,101.74
"Alaska","Marketed (Wet) Natural Gas Production: Alaska",1,1,"billion cubic feet per day","NGMPPAK",1.40,1.41,1.38,1.29,1.14,1.21,1.17,1.17,1.23,1.29,1.32,1.39,1.40,1.40,1.37,1.28,1.14,1.21,1.17,1.17,1.23,1.29,1.32,1.38,1.39,1.39,1.36,1.27,1.13,1.20,1.16,1.16,1.22,1.28,1.31,1.37,1.36,1.33,1.37,1.24,1.08,1.20,1.15,1.16,1.24,1.27,1.30,1.36,1.40,1.41,1.41,1.27,1.11,1.23,1.18,1.19,1.27,1.31,1.33,1.40,1.37,1.38,1.39,1.24,1.07,1.21,1.16,1.17,1.26,1.29,1.31,1.38,1.44,1.46,1.48,1.30,1.11,1.29,1.22,1.25,1.34,1.36,1.39,1.46,1.40,1.36,1.43,1.26,1.08,1.24,1.18,1.20,1.29,1.31,1.34,1.41,1.44,1.45,1.48,1.29,1.10,1.28,1.22,1.24,1.34,1.36,1.38,1.45,1.31,1.32,1.36,1.17,0.99,1.17,1.11,1.13,1.23,1.24,1.26,1.33,1.27,1.29,1.33,1.14,0.96,1.14,1.08,1.11,1.21,1.20,1.23,1.29,1.16,1.14,1.23,1.04,0.87,1.05,0.99,1.03,1.12,1.11,1.13,1.19,1.15,1.18,1.22,1.04,0.88,1.05,0.99,1.02,1.12,1.10,1.13,1.18,1.18,1.15,1.13,1.06,0.97,0.87,0.83,0.84,0.97,1.07,1.11,1.14,1.00,1.11,1.09,1.06,1.00,0.89,0.74,0.84,0.97,0.95,1.04,1.03,1.09,1.06,1.05,0.99,0.97,0.92,0.85,0.68,0.88,0.97,1.01,1.05,1.04,1.06,1.03,0.99,0.90,0.85,0.76,0.76,0.86,0.92,0.95,1.00,1.00,1.00,0.97,0.97,0.93,0.90,0.84,0.84,0.95,0.96,0.98,1.02,1.01,0.98,0.98,0.99,0.94,0.87,0.86,0.81,0.92,0.94,0.99,1.00,0.99,0.98,0.96,0.88,0.87,0.83,0.81,0.81,0.83,0.92,1.01,1.02,1.00,1.01,1.01,1.01,0.98,0.92,0.77,0.79,0.91,0.95,0.99,0.99,1.00,0.99,1.00,0.96,0.93,0.87,0.84,0.84,0.90,0.91,0.98,1.00,0.98,0.95,0.95,0.96,0.94,0.90,0.82,0.74,0.82,0.88,0.94,0.96,0.97,0.98,0.94,0.92,0.87,0.85,0.86,0.87,0.90,0.94,0.99,1.01,0.96,0.99,0.95,0.86,0.73,0.66,0.59,0.77,0.83,0.86,0.89,0.89,0.91,0.92,0.92,0.86,0.74,0.66,0.65,0.69,0.82,0.84,0.86,0.86
"Federal GOM","Marketed (Wet) Natural Gas Production: Federal Gulf",1,1,"billion cubic feet per day","NGMPPGLF",13.87,14.08,14.07,14.02,13.96,14.13,13.91,14.08,14.19,14.12,14.09,14.14,14.23,14.14,14.38,14.52,14.68,14.41,14.07,14.20,11.11,13.50,13.70,13.91,14.01,14.06,13.98,14.10,13.89,13.75,13.87,13.63,13.54,13.53,13.58,13.45,13.18,13.22,13.41,13.22,13.26,13.42,13.54,13.55,13.61,13.72,13.73,13.90,13.90,14.13,14.06,14.41,14.13,13.82,13.91,13.46,13.86,13.42,13.11,13.13,12.29,12.23,12.47,12.98,13.07,13.18,13.23,13.18,11.24,10.12,12.13,12.21,12.18,12.42,12.73,12.82,12.56,12.25,11.61,12.05,11.78,11.67,11.44,11.40,11.49,11.55,11.81,11.76,11.54,11.14,11.34,11.14,9.02,9.52,10.14,9.70,9.94,10.19,10.38,10.38,10.56,10.30,9.47,8.88,4.64,4.33,6.49,7.49,7.89,7.64,7.74,7.95,8.26,8.26,8.27,8.09,7.96,7.81,7.87,7.66,7.59,7.64,7.71,7.75,7.82,7.63,7.45,7.36,7.37,7.68,7.73,8.28,7.78,7.88,7.72,6.97,6.72,7.30,7.43,6.84,2.07,4.31,5.25,5.61,6.31,6.60,6.69,6.50,6.56,7.03,7.22,6.82,6.69,6.69,6.34,6.40,6.52,6.72,6.75,6.46,6.22,5.92,5.76,6.14,5.91,5.92,5.70,5.83,5.76,5.43,5.43,5.36,5.24,4.98,4.75,4.84,4.11,4.56,4.57,4.57,4.50,4.44,4.55,4.39,4.16,3.87,4.08,3.51,3.65,4.04,4.14,4.09,3.97,3.88,3.76,3.81,3.65,3.42,3.49,3.31,3.58,3.25,3.56,3.39,3.24,3.35,3.33,3.48,3.53,3.52,3.49,3.52,3.49,3.52,3.34,3.40,3.42,3.36,3.08,3.57,3.59,3.51,3.76,3.84,3.87,3.58,3.38,3.49,3.37,3.33,3.45,3.25,3.43,3.11,3.19,3.29,3.13,3.25,3.26,3.30,3.27,3.16,3.28,3.03,3.07,2.89,3.03,2.87,2.81,2.47,2.60,2.41,2.40,2.55,2.60,2.41,2.41,2.53,2.84,3.04,2.84,2.67,2.89,2.86,2.91,2.74,2.97,2.91,2.83,2.72,2.16,2.94,2.80,2.80,2.79,2.82,2.73,2.70,2.73,2.59,2.04,2.02,2.17,1.40,1.58,1.20,1.88,1.99,2.11,2.01,2.14,2.12,2.10,2.05,2.03,1.96,1.94,1.82,1.99,2.00,1.99,1.98,1.97,1.96,1.95,1.91,1.89,1.85,1.85,1.75,1.91,1.93
"Lower 48 States (excl GOM)","Marketed (Wet) Natural Gas Production: Lower",1,1,"billion cubic feet per day","NGMP48NGOM",39.58,39.54,39.73,39.04,39.50,38.10,38.64,38.37,38.71,38.74,38.79,37.88,40.52,39.79,40.04,39.87,40.05,39.72,39.31,39.56,39.18,39.01,38.85,38.15,39.74,39.58,39.69,38.94,38.53,39.07,38.77,38.90,38.93,39.04,39.80,39.59,40.57,39.73,40.78,39.82,40.24,40.43,40.34,40.73,40.59,41.46,40.47,40.17,41.25,40.99,41.52,41.09,41.64,41.13,40.95,41.40,41.16,41.97,41.27,41.08,41.20,40.78,41.02,40.59,41.06,40.56,41.07,39.98,40.60,41.18,41.03,41.08,40.91,41.02,41.90,41.39,41.18,41.36,40.95,41.58,41.50,41.63,41.18,41.11,41.12,40.59,41.12,41.29,40.74,41.60,41.30,41.03,41.37,41.44,41.32,41.37,41.29,41.87,42.57,42.15,41.63,42.15,41.81,42.12,40.72,41.91,42.61,42.43,42.77,42.86,43.53,43.23,43.40,44.37,43.85,44.20,44.73,44.99,44.71,45.37,44.44,45.13,45.90,45.34,46.79,46.78,46.41,46.78,47.24,47.03,48.12,47.69,48.01,48.43,49.25,49.99,50.40,50.35,51.35,51.05,48.78,51.17,52.22,52.14,52.88,53.11,52.58,51.90,52.03,51.65,50.75,51.58,49.99,50.75,51.12,50.57,51.15,52.24,52.27,52.92,53.67,53.29,54.57,54.89,55.15,56.11,56.28,57.04,56.23,55.20,58.07,58.94,59.27,59.28,60.08,60.67,61.16,62.83,63.60,63.27,63.85,62.58,62.75,62.77,63.30,63.20,64.83,65.22,65.27,64.95,64.91,64.30,63.91,64.18,64.14,65.02,65.03,65.21,66.61,66.62,66.07,66.56,66.95,65.86,66.69,68.26,68.83,70.47,70.06,70.48,72.17,72.56,72.44,73.17,72.83,73.33,73.65,74.12,74.74,75.39,74.27,74.24,74.24,74.30,74.66,74.35,74.17,74.06,74.20,75.36,74.36,74.59,73.52,73.14,73.71,73.00,72.62,72.11,72.64,71.73,71.20,72.36,73.96,74.31,74.29,75.30,76.12,76.22,77.55,79.30,81.70,82.49,81.06,82.69,83.64,83.71,84.74,85.14,86.61,88.23,89.89,91.24,92.60,92.14,92.25,93.05,93.48,93.92,94.80,95.33,96.50,98.24,98.17,99.54,100.26,100.50,98.93,98.34,98.46,96.56,91.72,93.00,94.49,95.69,94.66,94.51,96.73,96.70,96.76,91.99,95.72,95.57,95.66,95.99,96.34,96.67,96.96,97.12,97.11,96.90,96.70,96.63,96.72,96.95,97.28,97.71,98.15,98.56,98.91,99.13,99.16,98.95
"Total Dry Gas Production","Total Dry Gas Production",1,1,"billion cubic feet per day","NGPRPUS",52.39,52.56,52.71,51.91,52.15,51.04,51.31,51.21,51.71,51.72,51.77,51.02,53.51,52.74,53.17,53.06,53.24,52.74,51.98,52.34,49.10,51.27,51.33,50.93,52.43,52.33,52.32,51.65,50.92,51.37,51.15,51.04,51.05,51.20,52.01,51.73,52.35,51.54,52.76,51.55,51.83,52.28,52.26,52.66,52.65,53.61,52.70,52.65,53.93,53.90,54.35,54.14,54.24,53.58,53.44,53.44,53.68,54.06,53.13,53.03,52.22,51.77,52.24,52.17,52.54,52.31,52.79,51.72,50.54,50.06,51.85,52.04,52.15,52.49,53.64,53.08,52.45,52.48,51.42,52.47,52.23,52.27,51.63,51.60,51.45,50.96,51.78,51.73,50.83,51.41,51.27,50.82,49.23,49.79,50.28,49.99,50.23,51.03,51.91,51.33,50.82,51.24,50.07,49.82,44.54,45.40,48.14,48.99,49.54,49.40,50.17,49.91,50.19,51.29,50.75,50.93,51.40,51.52,51.33,51.82,50.85,51.56,52.41,51.72,53.01,52.99,52.41,52.71,53.25,53.34,54.45,54.63,54.38,54.86,55.57,55.39,55.38,56.05,57.07,56.26,49.62,54.03,55.95,56.27,57.48,58.01,57.62,56.63,56.65,56.91,56.17,56.62,55.07,55.78,55.81,55.39,56.04,57.24,57.28,57.56,57.95,57.22,58.25,58.92,59.08,60.09,60.08,60.96,60.02,58.83,61.54,62.28,62.41,62.07,62.48,63.21,63.11,65.12,65.94,65.62,66.01,64.72,64.97,64.78,65.05,64.64,66.31,65.98,66.36,66.50,66.60,66.01,65.26,65.45,65.27,66.12,65.89,65.79,67.09,66.95,66.77,66.98,67.66,66.53,66.78,68.36,68.86,70.54,70.16,70.52,72.02,72.41,72.39,73.11,72.64,73.20,73.44,73.81,74.14,75.21,74.12,73.95,74.19,74.27,74.74,74.19,73.88,73.89,73.56,74.60,73.76,73.71,72.87,72.17,72.76,72.18,71.70,71.42,72.02,71.21,70.56,71.55,73.17,73.26,73.26,73.97,74.73,74.69,75.99,77.34,79.75,80.38,78.74,80.39,81.33,81.19,82.12,82.54,84.18,85.88,87.29,88.40,89.94,89.50,89.44,89.99,90.60,90.97,91.69,92.05,92.54,94.81,94.69,96.02,96.73,97.00,95.09,94.71,94.56,92.94,87.80,88.35,89.76,90.23,89.46,88.95,91.90,92.42,92.15,87.76,91.34,91.01,90.96,91.15,91.35,91.75,92.03,92.08,92.25,92.05,91.89,91.82,91.89,92.04,92.22,92.51,92.89,93.26,93.71,93.82,94.03,93.85
"LNG Gross Imports","Natural Gas LNG Gross Imports",1,1,"billion cubic feet per day","NGIMPUS_LNG",0.32,0.27,0.08,0.09,0.16,0.17,0.16,0.24,0.25,0.16,0.41,0.24,0.33,0.35,0.17,0.08,0.25,0.25,0.16,0.16,0.17,0.16,0.34,0.40,0.42,0.46,0.42,0.34,0.30,0.46,0.46,0.56,0.57,0.43,0.47,0.49,0.41,0.35,0.48,0.65,0.43,0.58,0.93,0.74,0.72,0.88,0.64,0.58,0.59,0.79,0.75,0.73,0.88,0.89,0.81,0.62,0.73,0.38,0.26,0.43,0.26,0.27,0.33,0.57,0.91,0.86,0.69,0.78,0.56,0.88,0.73,0.65,0.75,0.75,1.00,1.09,1.48,1.60,1.86,1.58,1.79,1.86,1.56,1.29,1.72,1.69,1.58,1.54,1.71,1.91,2.42,1.92,1.90,1.54,1.37,2.05,1.87,1.91,1.48,1.59,1.70,1.88,1.71,1.41,1.73,1.92,1.93,1.65,1.27,1.38,1.07,1.96,2.17,2.06,1.86,1.68,1.33,1.17,1.57,1.65,1.72,1.58,2.80,3.29,3.04,2.89,3.17,2.82,1.39,1.03,0.88,0.67,0.92,0.81,0.76,1.07,1.02,1.10,1.00,1.14,1.06,0.88,0.76,0.99,0.87,1.00,1.02,1.87,1.57,1.69,1.43,1.12,1.07,0.87,1.22,1.13,1.82,1.64,1.20,1.39,1.19,1.08,1.17,0.70,0.95,1.10,1.05,0.93,1.30,1.14,1.24,1.10,1.14,0.91,0.65,0.98,0.68,0.99,0.51,0.83,0.51,0.69,0.62,0.25,0.52,0.28,0.50,0.62,0.38,0.33,0.47,0.54,0.44,0.41,0.27,0.17,0.18,0.27,0.26,0.28,0.56,0.18,0.09,0.09,0.28,0.14,0.09,0.10,0.09,0.33,0.20,0.05,0.19,0.22,0.00,0.26,0.37,0.44,0.47,0.10,0.06,0.09,0.23,0.36,0.19,0.28,0.25,0.18,0.39,0.34,0.28,0.16,0.17,0.25,0.19,0.26,0.10,0.19,0.30,0.29,0.42,0.30,0.16,0.17,0.18,0.19,0.17,0.25,0.09,0.08,0.21,0.35,0.54,0.24,0.21,0.10,0.09,0.10,0.18,0.18,0.11,0.20,0.09,0.48,0.47,0.27,0.11,0.09,0.00,0.00,0.09,0.09,0.00,0.18,0.09,0.34,0.43,0.20,0.09,0.11,0.09,0.16,0.13,0.09,0.04,0.00,0.09,0.18,0.45,0.35,0.15,0.17,0.18,0.19,0.20,0.25,0.09,0.08,0.21,0.30,0.45,0.35,0.15,0.17,0.18,0.19,0.20,0.25,0.09,0.08,0.21,0.30
"LNG Gross Exports","Natural Gas LNG Gross Exports",1,1,"billion cubic feet per day","NGEXPUS_LNG","--","--","--","--","--","--","--","--","--","--","--","--","--","--","--","--","--","--","--","--","--","--","--","--",0.18,0.20,0.18,0.19,0.18,0.13,0.18,0.18,0.19,0.12,0.19,0.18,0.18,0.19,0.12,0.19,0.19,0.13,0.18,0.18,0.19,0.24,0.19,0.18,0.18,0.13,0.18,0.19,0.18,0.13,0.18,0.18,0.19,0.25,0.19,0.18,0.18,0.14,0.18,0.25,0.06,0.19,0.18,0.18,0.19,0.18,0.19,0.18,0.18,0.20,0.18,0.19,0.12,0.12,0.21,0.17,0.18,0.25,0.19,0.18,0.17,0.18,0.18,0.19,0.06,0.13,0.18,0.18,0.25,0.17,0.19,0.18,0.18,0.20,0.18,0.19,0.12,0.13,0.24,0.18,0.19,0.18,0.19,0.18,0.18,0.20,0.18,0.19,0.18,0.19,0.18,0.18,0.12,0.10,0.16,0.14,0.16,0.18,0.15,0.12,0.12,0.11,0.14,0.14,0.12,0.12,0.11,0.14,0.09,0.09,0.09,0.10,0.11,0.13,0.12,0.16,0.10,0.10,0.10,0.09,0.06,0.10,0.09,0.06,0.06,0.06,0.12,0.06,0.13,0.06,0.06,0.21,0.06,0.18,0.06,0.13,0.06,0.17,0.12,0.06,0.22,0.26,0.32,0.49,0.46,0.18,0.16,0.26,0.27,0.06,0.08,0.06,0.33,0.09,0.16,0.17,0.20,0.06,0.08,0.00,0.09,0.08,0.00,0.08,0.00,0.14,0.00,0.18,0.00,0.00,0.00,0.00,0.00,0.00,0.00,0.00,0.00,0.00,0.09,0.00,0.00,0.10,0.00,0.00,0.06,0.00,0.09,0.09,0.10,0.09,0.00,0.00,0.09,0.10,0.00,0.00,0.09,0.09,0.09,0.09,0.09,0.09,0.10,0.10,0.00,0.11,0.33,0.33,0.32,0.55,0.51,0.86,0.56,0.10,1.10,1.35,1.66,1.86,1.40,1.69,1.96,1.75,1.73,1.47,1.82,2.59,2.67,2.66,2.34,2.63,2.95,2.86,3.06,2.45,3.17,2.95,2.71,2.90,3.59,3.96,4.10,3.67,4.22,4.24,4.67,4.73,5.06,4.47,5.34,5.74,6.35,7.11,8.07,7.79,7.88,7.02,5.88,3.63,3.10,3.63,5.04,7.19,9.36,9.81,9.80,7.50,8.60,7.10,7.56,8.10,7.81,8.00,7.15,7.81,9.72,10.26,9.81,9.86,10.19,8.57,8.77,9.15,8.86,8.29,7.81,9.05,9.81,10.48
"Pipeline Gross Imports","Natural Gas Pipeline Gross Imports",1,1,"billion cubic feet per day","NGIMPUS_PIPE",8.66,8.32,8.21,7.85,7.64,7.57,7.44,7.65,7.74,7.96,8.66,8.23,8.91,8.62,8.32,8.35,7.89,7.86,8.43,8.71,8.57,8.42,8.27,8.48,9.60,9.77,9.31,8.71,9.10,8.84,9.11,9.51,9.51,9.40,9.70,9.97,10.10,10.00,9.41,9.15,8.86,9.28,9.46,9.53,9.44,9.59,10.35,11.40,11.45,10.94,10.80,9.89,9.51,9.69,10.95,10.78,9.77,10.14,9.44,9.56,10.82,10.66,10.40,9.93,9.40,9.74,10.43,10.70,10.62,10.19,10.29,11.31,10.84,10.28,9.46,9.40,9.01,8.63,9.12,9.12,8.89,8.82,9.00,10.45,10.32,10.24,9.68,9.30,8.82,9.49,9.66,9.70,9.59,9.28,10.92,11.27,11.20,10.82,10.77,9.29,9.08,8.84,10.74,9.94,9.80,9.89,10.05,11.52,10.35,10.08,10.16,9.12,9.14,9.55,10.11,10.09,9.78,9.61,9.73,10.71,10.96,11.74,10.16,9.60,9.22,9.83,10.33,10.94,10.66,10.17,10.47,12.13,11.65,11.24,11.07,9.66,8.57,8.46,9.41,9.46,9.40,9.48,9.92,10.78,10.64,10.49,9.47,8.86,7.00,7.71,8.79,9.75,9.16,7.94,8.61,10.15,10.59,9.94,9.09,8.56,8.42,8.32,9.43,9.14,8.43,8.41,8.05,10.42,10.70,9.97,8.93,8.16,7.61,7.98,8.81,8.07,7.72,8.11,7.79,8.78,8.56,8.61,7.93,7.85,7.83,8.38,8.57,8.46,8.22,7.84,7.32,7.59,8.53,8.05,7.74,7.18,7.37,7.62,7.36,7.34,7.56,6.93,7.20,8.72,9.25,8.63,7.47,6.59,6.58,6.39,6.29,6.61,6.53,6.90,7.58,7.93,8.64,8.64,7.83,6.74,6.54,6.79,6.77,6.54,6.77,7.02,7.02,7.15,8.44,8.35,7.49,7.88,7.84,7.81,8.36,8.19,7.85,7.28,7.40,8.77,8.99,8.79,8.89,7.77,7.70,7.80,7.91,7.74,7.56,7.71,7.80,8.50,9.14,8.24,8.52,7.97,7.24,7.52,7.79,7.47,7.03,6.74,6.99,7.82,8.91,8.06,8.05,6.79,6.70,6.70,7.34,7.01,6.94,6.61,7.37,7.92,8.03,8.03,6.78,6.23,5.93,6.09,6.66,6.73,5.77,6.43,6.96,8.42,8.35,8.39,7.49,6.68,6.38,6.47,6.95,6.48,6.64,6.31,6.50,7.47,7.62,7.76,6.64,6.32,6.30,6.44,6.49,6.34,6.27,6.26,6.19,7.63
"Pipeline Gross Exports","Natural Gas Pipeline Gross Exports",1,1,"billion cubic feet per day","NGEXPUS_PIPE","--","--","--","--","--","--","--","--","--","--","--","--","--","--","--","--","--","--","--","--","--","--","--","--",0.22,0.26,0.34,0.24,0.27,0.24,0.25,0.24,0.24,0.21,0.43,0.34,0.39,0.53,0.54,0.38,0.45,0.42,0.45,0.49,0.50,0.50,0.63,0.55,0.64,0.83,0.86,0.60,0.75,0.69,0.82,0.75,0.93,0.87,1.20,1.16,0.93,0.95,1.05,1.06,1.21,1.31,1.27,1.32,1.37,1.18,1.63,1.58,1.70,1.81,1.49,1.44,1.44,1.61,1.36,1.48,1.59,1.77,2.21,2.29,2.00,2.23,2.75,1.88,1.91,2.01,1.98,2.00,2.23,1.80,2.69,2.49,2.77,3.00,2.92,1.66,1.78,1.70,1.53,1.50,1.27,1.14,1.31,1.28,1.61,1.90,2.06,1.32,1.84,2.00,1.72,1.58,1.63,1.80,2.16,2.18,2.08,1.84,2.33,1.57,1.90,1.80,2.14,1.86,2.05,1.94,2.77,3.13,3.43,3.33,3.14,2.38,2.11,1.93,1.93,2.01,1.74,2.06,2.91,3.34,3.59,3.59,3.25,2.60,2.42,2.14,2.34,2.48,2.66,2.46,3.17,3.51,2.96,2.95,3.15,2.40,2.70,2.83,2.65,2.65,2.43,2.84,3.80,3.87,3.91,4.28,4.50,3.95,3.98,3.92,3.57,3.53,3.89,3.44,4.09,4.17,4.01,4.42,4.47,4.10,4.20,4.09,3.82,4.41,4.58,4.37,4.74,4.94,4.98,4.75,4.79,4.19,4.58,4.46,4.15,4.20,4.08,3.95,3.70,3.78,4.35,4.85,4.82,4.06,3.62,3.99,4.02,3.63,3.90,3.62,4.03,4.42,4.57,5.08,5.29,4.34,4.24,4.51,4.55,4.58,5.33,5.02,5.09,5.12,5.44,5.50,5.96,5.59,5.75,5.55,5.58,6.05,6.17,5.60,6.50,6.74,7.05,7.19,7.41,6.39,6.07,6.70,6.30,6.51,6.47,6.44,6.92,7.02,7.35,7.21,6.45,6.44,5.72,6.28,6.70,7.09,7.35,6.99,7.67,7.77,7.67,8.11,7.83,7.04,7.21,7.28,7.63,7.95,7.81,7.99,8.36,8.40,8.39,7.88,8.17,7.01,6.87,7.65,8.16,7.96,8.14,8.34,8.21,7.99,8.24,8.49,8.51,7.85,8.23,8.54,9.16,9.16,9.26,9.20,9.55,9.57,9.29,9.32,9.16,8.43,8.61,8.82,9.44,9.38,9.26,9.28,9.39,9.44
"Supplemental Gaseous Fuels","Supplemental Gaseous Fuels Supply",1,1,"billion cubic feet per day","NGSFPUS",0.34,0.33,0.30,0.28,0.29,0.21,0.24,0.26,0.22,0.25,0.32,0.33,0.32,0.29,0.29,0.27,0.24,0.21,0.26,0.26,0.26,0.29,0.34,0.34,0.27,0.25,0.23,0.23,0.22,0.18,0.21,0.21,0.20,0.21,0.24,0.26,0.28,0.27,0.24,0.22,0.20,0.19,0.23,0.23,0.21,0.23,0.26,0.29,0.28,0.26,0.26,0.22,0.20,0.19,0.24,0.21,0.22,0.23,0.26,0.27,0.20,0.20,0.21,0.16,0.15,0.15,0.20,0.19,0.17,0.20,0.21,0.21,0.20,0.21,0.18,0.15,0.19,0.16,0.19,0.20,0.16,0.17,0.21,0.21,0.21,0.21,0.19,0.17,0.19,0.05,0.08,0.16,0.17,0.19,0.19,0.17,0.13,0.18,0.20,0.17,0.13,0.18,0.17,0.18,0.18,0.19,0.19,0.19,0.18,0.20,0.19,0.16,0.13,0.19,0.17,0.18,0.18,0.19,0.19,0.20,0.20,0.20,0.19,0.17,0.13,0.17,0.16,0.17,0.18,0.17,0.20,0.14,0.16,0.17,0.17,0.17,0.17,0.17,0.17,0.17,0.15,0.16,0.17,0.17,0.18,0.18,0.18,0.18,0.18,0.18,0.18,0.18,0.17,0.18,0.18,0.18,0.17,0.17,0.17,0.17,0.18,0.17,0.18,0.18,0.18,0.18,0.18,0.18,0.16,0.15,0.16,0.16,0.16,0.16,0.16,0.17,0.17,0.17,0.17,0.17,0.17,0.17,0.17,0.17,0.17,0.17,0.17,0.17,0.17,0.17,0.17,0.17,0.15,0.15,0.15,0.15,0.15,0.15,0.15,0.15,0.15,0.15,0.15,0.15,0.15,0.16,0.16,0.16,0.16,0.16,0.17,0.17,0.17,0.17,0.17,0.17,0.16,0.16,0.16,0.16,0.16,0.16,0.16,0.16,0.16,0.16,0.16,0.16,0.16,0.16,0.16,0.16,0.16,0.16,0.16,0.16,0.15,0.15,0.15,0.15,0.17,0.17,0.18,0.18,0.18,0.18,0.18,0.18,0.18,0.19,0.19,0.19,0.18,0.18,0.18,0.18,0.19,0.19,0.19,0.19,0.20,0.20,0.20,0.20,0.16,0.16,0.16,0.16,0.17,0.17,0.17,0.17,0.17,0.17,0.18,0.18,0.18,0.21,0.19,0.19,0.16,0.17,0.18,0.12,0.15,0.17,0.18,0.19,0.18,0.17,0.17,0.17,0.17,0.17,0.17,0.17,0.18,0.18,0.18,0.18,0.17,0.17,0.17,0.18,0.18,0.18,0.18,0.18,0.18,0.18,0.18,0.18
"Net Inventory Withdrawals","Natural Gas Net Withdrawals from Storage",1,1,"billion cubic feet per day","NGNWPUS",22.87,13.27,5.17,-2.03,-10.74,-12.62,-9.44,-10.78,-11.62,-7.03,6.53,17.83,15.67,10.76,8.22,-6.87,-12.96,-11.20,-10.52,-9.22,-7.68,-8.69,1.08,14.58,20.52,11.71,9.78,-3.07,-11.11,-10.49,-7.18,-7.31,-10.75,-5.12,1.09,17.85,25.77,15.86,5.01,-1.56,-7.63,-9.70,-9.55,-6.47,-9.91,-7.97,9.82,23.72,16.40,12.43,6.04,-9.47,-15.73,-14.96,-12.64,-10.09,-12.62,-6.23,-2.47,11.64,17.99,16.92,10.54,-4.31,-10.65,-11.67,-8.00,-7.81,-9.20,-2.88,6.74,18.45,27.84,24.86,4.49,-5.40,-13.65,-16.07,-11.98,-10.29,-14.08,-9.42,2.97,15.73,26.92,21.27,3.43,-6.92,-12.60,-13.63,-12.02,-11.48,-11.09,-8.16,2.17,18.84,23.50,15.65,9.44,-7.40,-12.65,-11.09,-8.51,-7.13,-9.34,-8.82,0.42,18.23,8.73,17.67,6.64,-8.68,-12.07,-10.57,-5.34,-6.25,-12.13,-4.36,1.71,11.34,22.49,26.66,1.79,-4.17,-15.13,-13.26,-10.36,-4.27,-10.18,-8.48,4.21,18.73,27.04,20.80,7.27,-6.51,-13.29,-11.64,-11.25,-11.52,-10.23,-8.00,2.05,16.88,23.20,13.57,3.16,-8.55,-15.33,-13.10,-11.13,-9.04,-10.03,-5.54,-1.21,22.81,26.53,22.44,1.10,-12.15,-13.41,-10.86,-7.44,-6.11,-12.11,-11.62,2.57,21.77,26.17,21.22,4.87,-7.21,-13.08,-11.52,-8.01,-8.03,-13.47,-12.61,-1.35,12.59,17.85,16.10,-1.22,-4.69,-9.30,-7.87,-4.43,-5.46,-9.82,-7.93,4.31,12.63,23.62,21.88,12.47,-4.70,-13.75,-12.62,-9.05,-8.96,-12.04,-8.42,7.19,23.40,31.99,26.61,11.72,-7.47,-15.75,-15.76,-13.19,-12.34,-14.37,-13.21,5.61,9.52,23.89,27.04,6.48,-10.98,-16.36,-12.33,-9.41,-10.22,-12.69,-10.93,0.55,8.78,23.91,14.18,1.70,-5.68,-10.87,-7.63,-4.48,-4.18,-8.99,-10.21,1.29,22.18,22.17,10.41,9.08,-7.86,-11.22,-9.57,-4.99,-6.50,-10.78,-8.18,3.02,22.81,29.46,17.03,9.44,-1.24,-13.98,-11.92,-6.26,-7.87,-11.46,-9.66,7.06,10.61,22.86,20.29,7.96,-12.71,-15.36,-14.42,-8.16,-9.22,-13.95,-11.22,5.03,13.62,18.42,18.50,1.66,-10.26,-14.44,-11.93,-5.20,-7.36,-10.56,-2.99,-0.14,19.03,21.83,29.61,7.86,-7.70,-13.85,-11.05,-7.46,-8.16,-11.50,-8.75,5.68,18.42,27.19,22.73,7.07,-7.79,-15.06,-12.78,-7.25,-8.34,-13.17,-9.02,3.99,17.51
"Total Supply","Total Natural Gas Supply",1,1,"billion cubic feet per day","NGPSUPP",84.20,74.30,65.94,57.64,49.18,46.05,49.38,48.02,47.85,52.67,67.25,77.12,78.19,72.35,69.54,54.47,48.33,49.41,49.95,51.91,50.02,51.03,60.93,74.22,82.85,74.05,71.54,57.42,48.98,49.99,53.32,53.60,50.16,55.79,62.89,79.78,88.33,77.30,67.24,59.44,53.04,52.09,52.71,56.02,52.42,55.60,72.95,87.91,81.82,77.36,71.17,54.72,48.15,48.57,51.79,54.03,50.66,57.47,59.23,73.59,80.38,78.73,72.49,57.22,51.08,49.89,54.65,54.08,51.15,57.09,68.00,80.89,89.89,86.57,67.10,56.69,47.90,45.07,49.04,51.43,47.23,51.69,62.98,76.82,88.46,81.96,63.72,53.75,46.99,47.08,49.25,48.95,47.31,50.67,62.06,79.66,83.97,76.40,70.69,53.11,47.18,49.22,52.41,52.54,45.44,47.27,59.23,79.13,68.28,76.64,66.00,50.96,47.54,50.32,55.65,54.87,48.81,56.23,62.21,73.40,83.98,89.71,64.86,58.93,48.25,50.71,53.44,60.38,53.13,54.18,67.32,83.03,90.63,84.45,71.60,57.31,49.61,52.08,54.36,53.34,48.16,54.41,65.83,81.67,88.73,79.56,68.11,56.32,47.58,51.18,52.98,56.08,52.65,56.70,61.38,85.94,92.13,88.29,65.62,53.01,51.56,52.94,58.82,60.11,53.88,55.07,67.83,89.90,93.97,86.85,72.09,60.28,54.00,55.62,60.44,60.79,53.98,58.25,68.81,83.64,88.88,85.80,67.91,64.26,59.98,61.42,67.29,65.27,60.73,62.41,74.13,81.83,93.01,91.19,81.11,64.72,55.26,56.75,61.66,61.55,58.94,61.87,78.51,95.10,104.10,98.95,83.47,65.86,57.55,57.65,61.38,63.18,60.91,63.48,81.97,86.66,101.85,104.92,83.78,66.89,60.19,64.05,67.30,66.43,63.76,65.61,76.68,84.94,101.02,92.01,77.10,70.30,64.10,66.66,70.90,69.70,64.09,63.15,73.57,94.51,93.60,82.18,82.66,65.43,62.07,64.13,69.97,68.39,64.75,68.11,81.38,102.56,108.38,96.24,90.28,78.91,66.88,69.68,76.21,75.80,73.10,75.98,93.03,96.87,110.08,106.99,94.84,74.03,71.30,72.50,79.28,80.44,74.70,78.04,94.68,103.53,105.69,105.98,87.23,75.19,66.77,71.56,80.27,78.23,71.68,77.02,81.44,102.44,104.90,110.30,89.90,75.39,68.05,70.29,74.25,73.33,71.03,72.88,85.56,98.59,108.22,103.64,86.56,73.91,66.44,68.57,74.19,74.03,70.00,72.99,85.39,99.55
"Balancing Item","Natural Gas Balancing Item",1,1,"billion cubic feet per day","BALIT","--","--","--","--","--","--","--","--","--","--","--","--","--","--","--","--","--","--","--","--","--","--","--","--",0.17,3.24,0.34,4.63,2.66,0.97,0.20,1.51,0.42,-3.93,-5.10,-8.09,-5.62,4.95,1.31,2.59,2.84,1.13,1.12,1.40,-0.14,-3.83,-8.30,-3.33,4.53,5.12,1.31,5.52,0.96,-0.42,-0.24,-0.18,-0.85,-4.28,-2.53,-5.19,-0.13,1.36,0.36,5.48,0.90,3.16,1.75,1.59,0.26,-4.00,-4.21,-4.15,-2.77,2.73,3.80,1.43,0.96,0.54,2.58,1.85,0.39,-1.58,-4.52,-3.80,-2.14,4.63,4.05,4.42,3.75,2.37,1.88,1.95,2.09,-0.43,-2.63,-4.57,-1.33,3.70,0.47,4.38,1.94,1.92,2.00,2.14,1.97,-1.19,-3.79,-4.09,1.57,-0.06,2.59,5.08,1.70,1.37,1.08,1.64,-0.07,-3.19,-3.36,-4.92,-4.13,1.96,3.81,1.41,2.04,1.13,0.11,0.79,-0.12,-1.67,-6.17,-5.64,-2.43,1.87,1.89,3.49,1.24,1.39,0.75,0.95,0.54,-1.64,-3.53,-4.26,-0.67,3.74,1.91,1.73,0.93,-0.25,0.51,-0.07,-0.15,-2.95,-2.17,-5.56,-1.49,0.32,3.50,3.39,0.61,2.04,0.08,0.50,0.70,-1.36,-2.05,-2.35,-0.79,0.73,-0.14,0.55,-0.21,-0.37,0.54,0.24,1.21,-1.98,-1.08,-1.65,0.03,0.43,0.73,0.85,0.47,0.86,-0.53,-0.47,-0.49,-1.08,-1.87,-1.06,-0.15,0.49,0.22,0.86,1.27,1.35,0.48,0.62,-0.04,-1.65,-1.28,-0.88,-0.74,-1.05,-0.96,-0.47,0.84,0.53,-0.70,-0.82,-0.60,-1.78,-3.39,-0.23,-1.36,-0.45,-0.19,0.04,-0.25,-0.72,-0.60,-0.22,-0.38,-1.51,-1.70,-1.45,-1.28,-0.55,-1.09,-0.83,-0.68,0.03,-0.36,1.54,0.84,-1.04,-1.59,-2.05,0.39,1.40,-1.26,-1.03,-1.04,-0.44,-0.89,-0.85,-0.73,-2.58,-2.80,-3.01,-0.60,0.57,-0.06,-0.56,-0.59,-0.91,-0.38,-1.16,-1.23,-2.25,-2.50,-0.11,0.15,0.62,-0.57,-0.40,-2.56,-1.94,-2.16,-2.04,-1.26,-3.69,-2.08,-1.51,0.64,-1.41,0.14,-0.42,-0.02,-0.43,0.13,-0.70,0.78,-2.11,-0.10,-0.67,2.00,1.48,0.11,-1.25,-0.48,-1.14,-0.81,-1.04,-0.94,-0.46,-0.62,0.74,0.20,-0.42,0.06,-0.89,-0.25,0.08,0.23,-0.67,0.14,-0.43,-1.13,-0.03
"Total Primary Supply","Total Natural Gas Primary Supply",1,1,"billion cubic feet per day","NGSUPP","--","--","--","--","--","--","--","--","--","--","--","--","--","--","--","--","--","--","--","--","--","--","--","--",83.02,77.28,71.88,62.05,51.64,50.97,53.51,55.10,50.58,51.85,57.79,71.69,82.71,82.24,68.55,62.03,55.89,53.22,53.83,57.41,52.28,51.77,64.64,84.58,86.35,82.48,72.47,60.24,49.11,48.15,51.55,53.84,49.80,53.20,56.70,68.39,80.25,80.09,72.85,62.70,51.98,53.05,56.40,55.67,51.41,53.09,63.79,76.74,87.11,89.30,70.90,58.12,48.86,45.61,51.63,53.28,47.62,50.10,58.45,73.02,86.32,86.59,67.77,58.17,50.74,49.46,51.13,50.90,49.41,50.23,59.43,75.09,82.64,80.11,71.15,57.50,49.12,51.14,54.41,54.68,47.42,46.07,55.45,75.04,69.85,76.58,68.59,56.03,49.24,51.70,56.73,56.51,48.74,53.04,58.85,68.48,79.86,91.68,68.67,60.34,50.29,51.84,53.54,61.17,53.02,52.51,61.15,77.39,88.19,86.32,73.49,60.80,50.85,53.47,55.12,54.29,48.70,52.77,62.30,77.41,88.06,83.30,70.02,58.04,48.52,50.93,53.48,56.01,52.50,53.76,59.21,80.38,90.64,88.61,69.13,56.39,52.17,54.98,58.90,60.61,54.58,53.71,65.78,87.55,93.18,87.59,71.95,60.83,53.79,55.24,60.98,61.03,55.19,56.27,67.73,82.00,88.91,86.23,68.64,65.10,60.45,62.28,66.77,64.80,60.24,61.33,72.26,80.77,92.86,91.68,81.33,65.58,56.53,58.10,62.14,62.17,58.90,60.22,77.23,94.22,103.36,97.90,82.51,65.39,58.39,58.18,60.68,62.36,60.31,61.70,78.58,86.42,100.48,104.47,83.59,66.93,59.94,63.33,66.70,66.22,63.38,64.11,74.97,83.49,99.73,91.46,76.01,69.46,63.41,66.69,70.54,71.24,64.93,62.10,71.98,92.46,93.99,83.58,81.40,64.40,61.03,63.68,69.08,67.54,64.02,65.53,78.58,99.55,107.77,96.81,90.22,78.35,66.29,68.77,75.83,74.64,71.87,73.74,90.53,96.76,110.23,107.61,94.27,73.63,68.74,70.55,77.12,78.39,73.44,74.34,92.60,102.03,106.32,104.58,87.37,74.77,66.75,71.13,80.39,77.53,72.46,74.91,81.33,101.77,106.90,111.77,90.02,74.14,67.57,69.14,73.44,72.29,70.09,72.43,84.94,99.32,108.42,103.22,86.62,73.02,66.18,68.65,74.42,73.36,70.14,72.56,84.26,99.52
"Consumption","Consumption",0,0,"billion cubic feet per day",,,,,,,,,,,,,,,,,,,,,,,,,,,,,,,,,,,,,,,,,,,,,,,,,,,,,,,,,,,,,,,,,,,,,,,,,,,,,,,,,,,,,,,,,,,,,,,,,,,,,,,,,,,,,,,,,,,,,,,,,,,,,,,,,,,,,,,,,,,,,,,,,,,,,,,,,,,,,,,,,,,,,,,,,,,,,,,,,,,,,,,,,,,,,,,,,,,,,,,,,,,,,,,,,,,,,,,,,,,,,,,,,,,,,,,,,,,,,,,,,,,,,,,,,,,,,,,,,,,,,,,,,,,,,,,,,,,,,,,,,,,,,,,,,,,,,,,,,,,,,,,,,,,,,,,,,
"Residential","Natural Gas Residential Sector Consumption",1,1,"billion cubic feet per day","NGRCPUS",29.11,27.05,19.54,14.44,9.15,5.45,4.12,3.80,4.31,7.56,16.58,23.58,26.20,24.71,20.89,13.59,7.12,5.09,4.27,3.76,4.05,6.55,13.27,19.87,29.39,24.63,21.59,14.01,7.57,5.27,4.08,3.75,4.50,7.53,12.39,21.28,27.84,26.73,17.75,13.36,7.37,5.14,4.14,3.95,4.69,7.61,16.09,29.49,31.51,27.87,22.00,13.36,6.75,4.89,3.99,3.77,4.25,7.66,12.02,19.65,26.30,25.46,21.30,13.84,8.23,5.33,4.03,3.73,4.13,8.08,16.11,24.89,30.52,31.58,21.76,13.82,7.99,5.25,4.08,3.74,4.29,7.47,13.79,23.83,31.06,29.57,19.08,12.65,6.89,4.83,4.03,3.86,4.16,6.98,13.57,23.41,28.79,27.11,21.87,12.81,7.98,5.07,3.94,3.63,3.94,6.52,12.90,24.88,23.02,25.08,20.19,11.85,6.56,4.71,3.73,3.50,4.16,7.76,13.78,20.12,25.91,32.12,19.89,13.59,6.96,4.57,3.79,3.61,3.88,5.62,13.52,23.12,28.50,28.22,21.17,12.95,7.43,4.81,3.82,3.59,3.94,7.03,14.45,24.90,30.57,27.01,19.37,13.01,6.50,4.70,3.83,3.60,3.99,8.10,12.55,24.65,30.08,28.38,18.69,10.44,6.37,4.47,3.59,3.45,3.91,6.50,14.89,27.32,31.28,27.43,19.19,11.35,6.63,4.42,3.68,3.62,4.09,7.27,14.48,22.36,25.62,22.83,13.00,9.31,5.26,4.11,3.47,3.41,3.95,7.75,16.07,21.62,28.14,26.79,21.36,12.21,6.23,4.26,3.60,3.48,3.93,7.18,17.25,27.36,33.46,30.46,22.58,11.87,6.56,4.19,3.64,3.39,4.06,6.84,18.12,23.13,30.26,32.23,20.42,10.64,5.73,4.14,3.49,3.32,3.62,6.50,13.55,19.06,28.35,23.80,14.68,10.94,6.26,4.09,3.43,3.24,3.66,6.04,12.66,25.62,26.80,20.69,18.71,9.30,6.43,4.14,3.47,3.35,3.82,6.62,15.59,26.51,31.65,24.64,21.27,14.69,5.45,3.97,3.42,3.22,3.74,8.24,19.97,24.70,30.75,28.88,22.20,10.95,6.85,4.31,3.60,3.29,3.66,7.47,19.62,24.26,26.47,25.26,16.93,12.51,7.58,4.53,3.80,3.51,4.18,7.74,14.63,25.54,28.01,31.42,19.93,11.06,6.58,4.12,3.53,3.00,3.80,7.28,16.18,23.77,29.57,26.56,19.41,12.29,7.18,4.27,3.53,3.19,3.74,7.11,15.87,23.59
"Commercial","Natural Gas Commercial Sector Consumption",1,1,"billion cubic feet per day","NGCCPUS",15.29,14.99,11.60,8.96,6.57,5.14,4.65,4.51,4.72,6.12,10.19,13.37,14.54,14.02,11.83,8.53,5.47,4.59,4.59,4.66,4.66,5.59,8.81,11.68,15.35,14.29,12.55,8.65,5.68,4.79,4.26,4.42,4.58,5.82,8.17,11.87,14.58,14.51,11.22,8.51,5.83,4.90,4.42,4.85,4.95,5.84,9.67,15.23,16.14,15.09,12.12,8.51,5.30,4.51,4.21,4.31,4.78,5.98,7.69,11.16,14.04,14.28,12.03,8.91,6.20,4.87,4.41,4.38,4.72,6.43,9.94,13.53,16.61,17.23,12.52,8.70,5.78,4.48,4.25,4.22,4.54,5.70,8.54,12.50,16.35,16.47,11.52,8.44,5.58,4.63,4.15,4.15,4.40,5.65,8.54,12.96,15.06,14.71,12.16,8.09,5.60,4.52,4.02,4.00,4.22,5.23,8.00,13.35,12.81,13.93,11.38,7.52,5.17,4.48,3.93,4.08,4.43,6.05,8.54,11.18,13.93,17.04,11.43,8.66,5.43,4.49,3.95,4.10,4.24,5.09,8.57,12.74,15.39,15.82,12.27,8.51,5.80,4.46,4.12,4.09,4.31,5.98,9.19,13.64,16.71,15.24,11.56,8.30,5.36,4.45,4.13,4.16,4.38,6.41,8.38,13.83,16.10,15.74,10.88,7.18,5.20,4.32,3.88,4.09,4.43,5.98,9.56,15.08,17.03,15.42,11.64,7.73,5.36,4.46,4.20,4.45,4.72,6.65,9.55,12.91,14.38,13.35,8.44,6.96,4.81,4.37,4.02,4.31,4.72,6.86,10.27,12.61,15.45,15.32,12.69,8.31,5.45,4.53,4.36,4.42,4.73,6.67,11.50,15.29,18.44,17.50,13.58,8.37,5.70,4.71,4.44,4.42,4.96,6.53,12.05,13.77,17.18,18.48,12.44,7.74,5.18,4.51,4.31,4.36,4.60,6.29,9.44,11.37,16.23,14.26,9.63,7.77,5.53,4.61,4.34,4.53,4.73,6.18,9.35,14.93,15.46,12.84,11.99,7.07,5.76,4.60,4.31,4.43,4.83,6.47,10.75,15.70,17.87,15.15,13.48,10.06,5.28,4.75,4.44,4.61,4.89,7.66,12.88,14.81,17.87,16.86,13.68,8.21,5.96,4.82,4.57,4.54,4.77,6.97,12.95,14.73,15.71,15.29,10.87,7.90,5.20,4.39,4.15,4.21,4.74,6.68,9.76,14.44,15.61,17.65,12.63,8.69,6.06,4.85,4.48,4.69,5.06,6.79,11.04,14.43,16.72,15.77,12.10,8.20,5.79,4.68,4.41,4.57,5.00,6.89,10.66,14.75
"Industrial","Natural Gas Industrial Sector Consumption",1,1,"billion cubic feet per day","NGINX",25.23,26.01,24.32,23.80,22.19,22.14,21.19,22.30,22.13,22.10,23.91,24.73,24.61,25.42,23.23,22.55,20.85,20.76,21.59,22.07,22.08,22.20,23.46,24.91,23.06,23.69,21.64,21.32,19.98,20.12,20.31,21.75,23.12,22.73,23.47,24.57,23.06,23.89,21.66,21.88,21.31,21.87,20.61,22.77,21.82,21.90,22.99,23.28,22.15,22.86,21.45,20.74,18.60,17.89,18.39,19.03,19.29,19.91,20.63,20.73,22.13,22.59,21.16,21.55,19.74,19.86,19.54,19.74,19.11,19.79,21.08,21.35,22.19,22.99,19.87,19.15,17.97,17.04,18.53,18.73,18.81,19.31,19.89,20.81,21.94,22.37,20.23,19.53,18.33,18.76,18.41,18.81,18.99,19.14,20.22,21.30,21.00,21.11,19.51,18.87,17.44,17.22,16.83,16.97,15.91,16.19,17.58,18.60,18.70,19.97,18.85,17.80,16.78,16.94,16.52,17.12,17.35,17.56,18.47,18.68,20.06,21.42,18.66,17.99,16.81,17.03,16.47,17.13,17.25,17.45,18.94,19.82,21.28,21.30,19.68,18.58,17.50,17.11,16.96,17.06,15.93,17.34,18.21,17.85,18.81,18.70,17.28,16.41,15.09,15.30,15.36,15.98,16.13,16.83,17.76,19.22,20.78,21.26,19.31,17.92,17.56,17.64,17.33,17.40,17.86,17.63,19.23,20.69,21.26,21.42,19.86,18.96,18.16,17.85,17.50,17.86,18.31,18.41,19.81,20.71,21.48,21.49,19.63,19.32,18.59,18.86,18.55,18.94,19.17,19.44,20.57,20.96,21.82,22.22,21.10,20.02,19.13,18.80,18.64,19.08,19.17,19.74,21.75,22.80,23.30,23.54,21.96,20.93,19.55,19.53,19.52,19.63,19.70,19.67,21.99,22.26,23.17,23.56,21.34,20.26,19.45,19.16,19.09,19.35,19.30,19.77,21.28,21.76,23.26,22.85,21.38,20.67,19.76,19.68,19.89,20.24,20.13,20.09,21.80,23.68,23.68,23.21,22.46,21.05,20.27,20.48,20.11,20.55,20.50,21.18,23.18,24.54,25.23,24.97,23.80,23.24,21.64,21.64,21.54,21.55,21.90,22.08,24.53,24.77,25.85,25.70,24.22,22.52,21.78,21.15,20.97,21.68,21.48,22.08,24.51,25.12,25.53,25.23,23.24,21.47,20.16,20.24,20.69,21.08,21.69,22.42,23.72,25.37,25.97,26.18,24.35,23.58,22.29,22.21,21.74,22.06,22.72,23.55,25.00,26.30,26.54,25.82,24.68,23.71,22.64,22.57,21.98,22.34,22.59,23.29,25.07,25.94
"Electric Power","Natural Gas Electric Power Sector Consumption",1,1,"billion cubic feet per day","NGEPCON",6.14,7.00,8.37,8.83,10.23,13.58,18.96,17.28,15.19,10.80,8.20,8.70,7.78,6.73,8.82,8.93,13.19,17.77,20.41,20.76,17.89,11.18,8.34,8.57,8.87,8.35,10.26,13.14,13.57,16.65,21.73,21.61,14.44,11.91,8.79,8.67,10.50,9.84,11.45,12.24,17.04,17.52,20.60,22.65,16.17,11.78,10.28,10.31,10.98,11.17,11.70,12.82,14.00,16.43,20.47,22.15,17.01,15.03,11.68,11.84,12.30,12.29,13.11,13.48,13.23,18.36,23.67,23.15,18.96,14.27,11.72,11.62,12.34,11.95,11.65,11.74,12.71,14.52,20.33,22.05,15.62,13.19,11.60,10.83,11.66,12.88,12.10,12.98,15.65,16.94,20.21,19.76,17.65,14.19,12.54,12.47,12.41,11.81,12.46,13.01,13.64,19.80,25.06,25.53,19.25,14.02,12.45,13.10,10.27,12.36,13.13,14.20,16.27,20.99,27.86,27.10,18.28,17.02,13.22,13.37,14.46,15.20,13.42,15.10,16.36,20.95,24.53,31.27,22.78,19.49,14.94,16.05,17.14,15.13,14.86,15.65,15.34,22.18,25.23,24.61,20.09,17.59,15.25,15.37,15.72,16.20,16.12,15.05,16.63,21.43,25.10,27.11,23.00,17.32,15.24,16.77,17.61,17.13,14.74,15.72,18.05,23.52,28.94,30.42,23.22,18.40,16.55,18.20,17.41,17.27,15.55,17.38,18.45,23.31,30.28,29.72,22.81,18.55,18.08,19.80,20.93,22.23,21.75,23.81,26.21,29.33,34.89,32.39,26.75,21.59,19.32,19.34,20.38,20.30,19.48,18.83,19.83,24.57,29.39,29.05,25.05,20.55,20.03,21.57,21.38,19.68,18.09,18.30,20.87,24.03,27.20,28.96,25.70,22.69,20.01,20.61,22.95,23.16,22.86,22.14,23.69,29.55,33.73,33.12,29.83,25.53,24.41,24.79,24.97,23.79,24.02,23.96,25.95,32.34,36.77,37.14,30.51,23.99,22.07,21.64,21.30,20.33,21.70,20.91,22.58,28.35,34.89,32.97,28.62,24.91,22.21,25.32,25.36,24.65,24.41,23.47,27.36,31.75,39.47,38.25,34.33,28.64,25.44,24.59,27.37,27.83,26.24,24.65,26.97,33.02,40.47,41.22,36.02,30.21,27.29,29.40,30.04,30.30,28.35,25.46,26.90,34.85,44.26,41.28,34.59,30.77,25.57,28.15,28.97,28.74,25.26,23.46,25.30,30.50,36.21,35.01,31.15,27.29,24.69,26.50,27.21,26.74,22.30,21.15,22.96,29.40,36.71,35.57,31.22,27.43,24.51,26.76
"Lease and Plant Fuel","Natural Gas Lease and Plant Fuel Consumption",1,1,"billion cubic feet per day","NGLPPUS",3.33,3.35,3.35,3.30,3.32,3.25,3.27,3.26,3.29,3.29,3.30,3.25,3.30,3.25,3.28,3.27,3.28,3.25,3.20,3.23,3.03,3.16,3.16,3.14,3.01,3.00,3.00,2.96,2.92,2.94,2.93,2.93,2.93,2.93,2.98,2.97,3.14,3.09,3.17,3.09,3.11,3.14,3.14,3.16,3.16,3.22,3.16,3.16,3.08,3.10,3.11,3.09,3.06,3.04,3.02,3.04,3.06,3.09,3.05,3.04,3.08,3.07,3.09,3.07,3.06,3.06,3.07,3.03,2.98,2.96,3.06,3.07,3.06,3.08,3.15,3.12,3.08,3.08,3.02,3.08,3.07,3.07,3.03,3.03,3.04,3.03,3.06,3.05,2.97,3.01,3.00,2.99,2.91,2.96,2.99,2.98,3.11,3.16,3.19,3.14,3.09,3.13,3.05,3.05,2.78,2.84,2.99,3.04,3.08,3.09,3.11,3.09,3.07,3.15,3.10,3.12,3.16,3.17,3.19,3.21,3.24,3.28,3.34,3.29,3.37,3.37,3.34,3.35,3.39,3.40,3.47,3.48,3.29,3.32,3.36,3.35,3.35,3.39,3.45,3.40,3.00,3.27,3.39,3.40,3.55,3.59,3.56,3.50,3.50,3.52,3.47,3.50,3.40,3.45,3.45,3.43,3.41,3.49,3.50,3.49,3.47,3.43,3.44,3.48,3.57,3.64,3.63,3.70,3.45,3.46,3.59,3.63,3.61,3.58,3.54,3.58,3.65,3.75,3.83,3.80,3.83,3.76,3.77,3.76,3.78,3.76,3.85,3.83,3.86,3.86,3.87,3.83,4.00,4.01,4.00,4.05,4.04,4.03,4.11,4.10,4.09,4.10,4.15,4.08,3.90,3.99,4.02,4.12,4.10,4.12,4.21,4.23,4.23,4.27,4.24,4.28,4.28,4.30,4.32,4.38,4.32,4.31,4.32,4.33,4.35,4.32,4.30,4.30,4.27,4.34,4.29,4.28,4.23,4.19,4.23,4.19,4.17,4.15,4.19,4.14,4.09,4.15,4.24,4.25,4.25,4.29,4.34,4.33,4.41,4.49,4.63,4.66,4.34,4.43,4.48,4.47,4.52,4.54,4.63,4.73,4.81,4.87,4.95,4.93,4.86,4.89,4.92,4.94,4.98,5.00,5.03,5.15,5.15,5.22,5.26,5.27,5.19,5.16,5.16,5.06,4.79,4.85,4.93,4.95,4.91,4.89,5.04,5.04,5.05,4.80,5.00,4.98,4.98,4.99,5.00,5.03,5.04,5.05,5.06,5.05,5.04,5.03,5.04,5.04,5.05,5.07,5.09,5.11,5.14,5.14,5.15,5.14
"Pipeline and Distribution Use","Natural Gas Pipeline and Distribution Use",1,1,"billion cubic feet per day","NGACPUS",2.82,2.78,2.35,2.05,1.74,1.64,1.68,1.66,1.62,1.67,2.16,2.59,2.35,2.28,2.06,1.70,1.43,1.44,1.50,1.51,1.45,1.41,1.71,2.07,2.47,2.29,2.10,1.78,1.44,1.40,1.46,1.50,1.44,1.51,1.70,2.15,2.34,2.33,1.90,1.70,1.49,1.43,1.39,1.51,1.39,1.43,1.82,2.42,2.46,2.35,2.05,1.69,1.36,1.33,1.44,1.50,1.38,1.48,1.59,1.93,2.35,2.34,2.12,1.81,1.49,1.52,1.62,1.60,1.48,1.52,1.85,2.24,2.35,2.41,1.89,1.54,1.28,1.19,1.36,1.40,1.24,1.31,1.55,1.97,2.21,2.22,1.72,1.46,1.27,1.23,1.28,1.27,1.24,1.26,1.50,1.92,2.22,2.15,1.90,1.52,1.29,1.34,1.44,1.44,1.25,1.21,1.47,2.01,1.90,2.09,1.86,1.50,1.31,1.38,1.52,1.52,1.29,1.42,1.58,1.85,2.18,2.51,1.86,1.62,1.33,1.38,1.43,1.64,1.41,1.39,1.64,2.10,2.49,2.44,2.06,1.69,1.40,1.47,1.52,1.50,1.34,1.45,1.73,2.17,2.62,2.47,2.06,1.69,1.40,1.47,1.55,1.63,1.52,1.56,1.73,2.38,2.58,2.52,1.94,1.56,1.44,1.52,1.64,1.69,1.51,1.48,1.84,2.48,2.67,2.50,2.03,1.70,1.49,1.53,1.71,1.71,1.53,1.56,1.90,2.32,2.58,2.50,1.96,1.86,1.72,1.77,1.90,1.85,1.71,1.74,2.07,2.33,3.00,2.96,2.61,2.08,1.77,1.83,1.96,1.96,1.85,1.89,2.47,3.04,2.78,2.62,2.19,1.71,1.52,1.51,1.58,1.62,1.57,1.60,2.08,2.29,2.54,2.65,2.09,1.65,1.47,1.56,1.65,1.64,1.56,1.58,1.87,2.09,2.53,2.31,1.90,1.73,1.57,1.66,1.76,1.78,1.61,1.54,1.80,2.34,2.54,2.24,2.18,1.70,1.60,1.68,1.83,1.79,1.68,1.72,2.09,2.68,3.19,2.85,2.64,2.28,1.90,1.98,2.19,2.15,2.07,2.12,2.64,2.83,3.39,3.31,2.87,2.21,2.05,2.12,2.35,2.38,2.22,2.26,2.82,3.11,3.23,3.18,2.65,2.27,2.03,2.16,2.44,2.35,2.20,2.28,2.47,3.09,3.16,2.83,2.71,2.22,2.21,2.33,2.34,2.35,2.17,2.32,2.83,3.13,3.19,3.12,2.94,2.46,2.40,2.50,2.53,2.42,2.29,2.54,2.84,3.17
"Vehicle Use","Natural Gas Vehicle Use",1,1,"billion cubic feet per day","NGVHPUS",0.02,0.02,0.02,0.02,0.02,0.02,0.02,0.02,0.02,0.02,0.02,0.02,0.03,0.03,0.03,0.03,0.03,0.03,0.03,0.03,0.03,0.03,0.03,0.03,0.03,0.03,0.03,0.03,0.03,0.03,0.03,0.03,0.03,0.03,0.03,0.03,0.03,0.03,0.03,0.03,0.03,0.03,0.03,0.03,0.03,0.03,0.03,0.03,0.04,0.04,0.04,0.04,0.04,0.04,0.04,0.04,0.04,0.04,0.04,0.04,0.04,0.04,0.04,0.04,0.04,0.04,0.04,0.04,0.04,0.04,0.04,0.04,0.05,0.05,0.05,0.05,0.05,0.05,0.05,0.05,0.05,0.05,0.05,0.05,0.06,0.06,0.06,0.06,0.06,0.06,0.06,0.06,0.06,0.06,0.06,0.06,0.06,0.06,0.06,0.06,0.06,0.06,0.06,0.06,0.06,0.06,0.06,0.06,0.07,0.07,0.07,0.07,0.07,0.07,0.07,0.07,0.07,0.07,0.07,0.07,0.07,0.07,0.07,0.07,0.07,0.07,0.07,0.07,0.07,0.07,0.07,0.07,0.07,0.07,0.07,0.07,0.07,0.07,0.07,0.07,0.07,0.07,0.07,0.07,0.07,0.07,0.07,0.07,0.07,0.07,0.07,0.07,0.07,0.07,0.07,0.07,0.08,0.08,0.08,0.08,0.08,0.08,0.08,0.08,0.08,0.08,0.08,0.08,0.08,0.08,0.08,0.08,0.08,0.08,0.08,0.08,0.08,0.08,0.08,0.08,0.08,0.08,0.08,0.08,0.08,0.08,0.08,0.08,0.08,0.08,0.08,0.08,0.08,0.08,0.08,0.08,0.08,0.08,0.08,0.08,0.08,0.08,0.08,0.08,0.10,0.10,0.10,0.10,0.10,0.10,0.10,0.10,0.10,0.10,0.10,0.10,0.11,0.11,0.11,0.11,0.11,0.11,0.11,0.11,0.11,0.11,0.11,0.11,0.11,0.11,0.11,0.11,0.11,0.11,0.11,0.11,0.11,0.11,0.11,0.11,0.13,0.13,0.13,0.13,0.13,0.13,0.13,0.13,0.13,0.13,0.13,0.13,0.14,0.14,0.14,0.14,0.14,0.14,0.14,0.14,0.14,0.14,0.14,0.14,0.14,0.14,0.14,0.14,0.14,0.14,0.14,0.14,0.14,0.14,0.14,0.14,0.16,0.16,0.16,0.09,0.10,0.11,0.12,0.13,0.14,0.13,0.14,0.14,0.14,0.14,0.14,0.15,0.15,0.15,0.15,0.15,0.15,0.15,0.15,0.15,0.16,0.16,0.16,0.16,0.16,0.16,0.16,0.16,0.16,0.16,0.16,0.16
"Total Consumption","Natural Gas Total Consumption",1,1,"billion cubic feet per day","NGTCPUS","--","--","--","--","--","--","--","--","--","--","--","--","--","--","--","--","--","--","--","--","--","--","--","--",83.02,77.28,71.88,62.05,51.64,50.97,53.51,55.10,50.58,51.85,57.79,71.69,82.71,82.24,68.55,62.03,55.89,53.22,53.83,57.41,52.28,51.77,64.64,84.58,86.35,82.48,72.47,60.24,49.11,48.15,51.55,53.84,49.80,53.20,56.70,68.39,80.25,80.09,72.85,62.70,51.98,53.05,56.40,55.67,51.41,53.09,63.79,76.74,87.11,89.30,70.90,58.12,48.86,45.61,51.63,53.28,47.62,50.10,58.45,73.02,86.32,86.59,67.77,58.17,50.74,49.46,51.13,50.90,49.41,50.23,59.43,75.09,82.64,80.11,71.15,57.50,49.12,51.14,54.41,54.68,47.42,46.07,55.45,75.04,69.85,76.58,68.59,56.03,49.24,51.70,56.73,56.51,48.74,53.04,58.85,68.48,79.86,91.68,68.67,60.34,50.29,51.84,53.54,61.17,53.02,52.51,61.15,77.39,88.19,86.32,73.49,60.80,50.85,53.47,55.12,54.29,48.70,52.77,62.30,77.41,88.06,83.30,70.02,58.04,48.52,50.93,53.48,56.01,52.50,53.76,59.21,80.38,90.64,88.61,69.13,56.39,52.17,54.98,58.90,60.61,54.58,53.71,65.78,87.55,93.18,87.59,71.95,60.83,53.79,55.24,60.98,61.03,55.19,56.27,67.73,82.00,88.91,86.23,68.64,65.10,60.45,62.28,66.77,64.80,60.24,61.33,72.26,80.77,92.86,91.68,81.33,65.58,56.53,58.10,62.14,62.17,58.90,60.22,77.23,94.22,103.36,97.90,82.51,65.39,58.39,58.18,60.68,62.36,60.31,61.70,78.58,86.42,100.48,104.47,83.59,66.93,59.94,63.33,66.70,66.22,63.38,64.11,74.97,83.49,99.73,91.46,76.01,69.46,63.41,66.69,70.54,71.24,64.93,62.10,71.98,92.46,93.99,83.58,81.40,64.40,61.03,63.68,69.08,67.54,64.02,65.53,78.58,99.55,107.77,96.81,90.22,78.35,66.29,68.77,75.83,74.64,71.87,73.74,90.53,96.76,110.23,107.61,94.27,73.63,68.74,70.55,77.12,78.39,73.44,74.34,92.60,102.03,106.32,104.58,87.37,74.77,66.75,71.13,80.39,77.53,72.46,74.91,81.33,101.77,106.90,111.77,90.02,74.14,67.57,69.14,73.44,72.29,70.09,72.43,84.94,99.32,108.42,103.22,86.62,73.02,66.18,68.65,74.42,73.36,70.14,72.56,84.26,99.52
"End-of-period Inventories","End-of-period Inventories",0,0,"billion cubic feet",,,,,,,,,,,,,,,,,,,,,,,,,,,,,,,,,,,,,,,,,,,,,,,,,,,,,,,,,,,,,,,,,,,,,,,,,,,,,,,,,,,,,,,,,,,,,,,,,,,,,,,,,,,,,,,,,,,,,,,,,,,,,,,,,,,,,,,,,,,,,,,,,,,,,,,,,,,,,,,,,,,,,,,,,,,,,,,,,,,,,,,,,,,,,,,,,,,,,,,,,,,,,,,,,,,,,,,,,,,,,,,,,,,,,,,,,,,,,,,,,,,,,,,,,,,,,,,,,,,,,,,,,,,,,,,,,,,,,,,,,,,,,,,,,,,,,,,,,,,,,,,,,,,,,,,,,
"Working Gas Inventory","Working Gas Inventory, Total United States",1,1,"billion cubic feet","NGWGPUS",1496,1139,990,1051,1365,1731,2017,2338,2672,2886,2699,2175,1712,1426,1183,1386,1774,2114,2428,2698,2928,3191,3155,2730,2073,1746,1406,1495,1835,2149,2379,2610,2923,3073,3065,2523,1760,1304,1153,1203,1433,1717,2003,2199,2494,2732,2442,1719,1265,912,742,992,1440,1882,2261,2576,2944,3144,3254,2904,2344,1838,1518,1659,1968,2308,2539,2773,3042,3116,2929,2375,1522,851,730,893,1298,1765,2126,2436,2845,3130,3038,2563,1751,1156,1058,1252,1624,2023,2395,2743,3057,3302,3245,2696,1994,1564,1284,1499,1875,2197,2450,2662,2932,3194,3189,2635,2371,1886,1692,1945,2310,2617,2779,2969,3323,3452,3407,3070,2383,1652,1603,1723,2181,2583,2896,3021,3315,3565,3442,2879,2056,1465,1266,1436,1840,2178,2517,2866,3161,3399,3346,2840,2133,1758,1660,1910,2375,2760,3090,3359,3646,3810,3837,3130,2304,1683,1652,2011,2420,2740,2966,3153,3508,3851,3769,3111,2306,1722,1577,1788,2187,2530,2775,3019,3416,3804,3843,3462,2910,2449,2473,2611,2887,3115,3245,3406,3693,3929,3799,3413,2699,2099,1720,1855,2270,2643,2937,3212,3565,3817,3605,2890,1925,1200,857,1066,1548,2005,2400,2768,3187,3587,3427,3141,2407,1666,1471,1793,2287,2647,2924,3242,3614,3942,3927,3667,2938,2534,2486,2646,2966,3186,3318,3441,3705,4013,3977,3297,2622,2337,2063,2291,2627,2907,3054,3250,3567,3816,3709,3033,2141,1673,1390,1427,1847,2195,2381,2617,2950,3236,3030,2708,1994,1426,1185,1559,2031,2461,2714,2998,3415,3762,3610,3188,2616,2081,2030,2333,2778,3133,3294,3522,3840,3929,3932,3341,2664,1835,1591,1822,2252,2583,2815,3067,3412,3684,3513,2942,2099,1463,1243,1477,1944,2327,2552,2811,3206,3485,3366,2823
"East Region","Working Gas Inventory: East Region",1,1,"billion cubic feet","NGWG_EAST","--","--","--","--","--","--","--","--","--","--","--","--","--","--","--","--","--","--","--","--","--","--","--","--",492,353,236,287,411,508,593,690,784,820,794,618,373,223,168,193,304,414,538,631,733,787,713,479,315,207,115,197,351,485,618,708,804,857,870,756,594,434,324,362,461,586,679,759,840,844,806,626,354,173,146,193,339,487,604,701,812,873,847,698,438,278,224,279,401,534,661,755,845,892,870,707,498,353,233,313,451,564,657,732,810,867,869,704,628,477,414,502,618,702,759,820,893,892,888,803,615,363,308,337,493,626,741,803,874,919,882,722,523,343,256,322,442,543,661,793,867,902,851,715,472,341,283,362,513,653,776,868,934,957,957,770,554,374,331,426,543,638,728,815,895,957,925,717,502,352,267,334,455,574,673,772,878,942,953,852,665,521,511,565,664,737,779,841,909,956,891,794,605,420,304,362,488,606,678,760,854,910,851,689,451,272,168,213,350,475,581,689,806,892,831,742,534,339,239,309,452,573,658,763,856,915,910,853,628,481,436,463,557,654,735,804,898,940,899,721,528,406,260,335,448,563,662,777,866,924,867,710,493,363,229,231,348,465,569,664,778,830,750,659,468,312,216,294,419,537,611,725,845,932,886,764,592,438,385,428,553,655,721,803,890,944,929,763,567,372,261,309,433,538,623,724,816,861,796,615,370,192,93,161,284,396,470,566,667,709,652,488
"Midwest Region","Working Gas Inventory: Midwest Region",1,1,"billion cubic feet","NGWG_MW","--","--","--","--","--","--","--","--","--","--","--","--","--","--","--","--","--","--","--","--","--","--","--","--",685,563,424,436,531,634,728,835,953,1025,1049,862,604,467,399,388,458,551,654,756,863,962,861,625,460,330,261,305,426,549,665,792,924,1015,1053,913,735,545,421,420,497,609,709,822,933,990,923,741,456,243,183,214,327,465,613,738,873,982,943,789,519,345,262,302,406,530,670,812,939,1035,1010,839,600,444,330,366,463,570,686,800,921,1019,992,800,685,512,412,461,573,692,784,880,1000,1061,1040,917,709,460,406,418,545,679,805,901,1014,1103,1046,855,610,400,312,363,476,606,748,894,1011,1096,1047,827,569,415,353,397,523,657,794,924,1044,1128,1116,905,635,451,407,482,577,680,768,874,1007,1122,1082,864,615,434,346,387,487,602,710,840,987,1110,1095,957,756,596,564,604,689,763,832,937,1047,1122,1066,928,693,494,352,369,475,596,709,836,970,1056,985,746,450,238,143,179,318,472,626,789,936,1048,973,855,618,346,253,310,439,566,685,832,973,1095,1092,989,765,608,543,567,671,763,834,921,1042,1134,1112,906,698,589,477,524,609,701,764,868,993,1101,1054,829,554,381,261,235,343,459,571,705,846,971,908,777,521,337,242,305,439,579,696,834,990,1103,1030,885,717,541,472,524,641,747,827,935,1053,1113,1108,918,704,455,360,416,531,620,733,860,990,1081,1021,841,555,320,206,263,388,506,610,736,883,983,941,765
"South Central Region","Working Gas Inventory: South Central Region",1,1,"billion cubic feet","NGWG_SC","--","--","--","--","--","--","--","--","--","--","--","--","--","--","--","--","--","--","--","--","--","--","--","--",605,579,524,562,647,721,738,744,819,852,841,711,514,389,375,385,412,470,508,514,585,660,596,377,319,249,227,327,444,576,661,725,828,865,911,860,729,604,543,602,710,776,781,798,852,859,778,652,422,234,227,291,396,527,599,659,784,865,858,746,552,366,398,476,569,659,734,806,859,941,941,782,606,532,492,568,653,708,728,737,775,851,882,742,713,614,616,702,780,841,840,844,959,1008,1000,940,757,584,633,682,796,883,927,885,958,1046,1018,887,646,513,504,538,648,701,736,782,833,920,957,887,738,690,719,809,927,989,1052,1078,1143,1170,1201,988,737,541,599,746,868,933,957,945,1070,1211,1229,1053,826,672,710,798,922,965,956,942,1044,1201,1231,1163,1052,933,1000,1015,1056,1088,1082,1081,1158,1236,1226,1135,950,778,665,714,847,938,1010,1049,1141,1228,1171,991,669,453,338,427,560,666,756,806,929,1091,1084,1045,823,568,566,741,912,993,1042,1088,1198,1313,1324,1295,1089,1014,1071,1150,1227,1227,1193,1149,1176,1325,1352,1162,997,972,938,1014,1102,1139,1102,1068,1137,1214,1219,1016,709,615,613,649,778,845,813,802,845,948,914,879,697,563,519,695,826,917,942,949,1049,1192,1180,1095,935,778,857,1022,1140,1221,1207,1233,1313,1281,1313,1155,954,662,654,762,897,985,988,998,1086,1200,1166,1041,818,631,625,697,847,936,940,949,1056,1159,1153,1015
"Mountain Region","Working Gas Inventory: Mountain Region",1,1,"billion cubic feet","NGWG_MTN","--","--","--","--","--","--","--","--","--","--","--","--","--","--","--","--","--","--","--","--","--","--","--","--",129,112,99,87,94,111,129,144,159,163,163,139,114,95,82,87,94,106,120,135,145,146,126,99,74,58,57,63,81,98,118,137,160,165,163,148,111,89,73,80,94,113,134,157,171,169,163,142,118,88,75,82,90,104,112,124,139,153,138,116,87,60,60,54,66,85,105,125,150,164,161,133,103,80,66,63,81,102,119,134,152,163,159,134,117,94,87,94,115,134,152,170,190,196,193,167,129,105,98,96,113,130,149,173,195,205,202,173,132,105,86,78,88,100,113,129,154,170,176,149,125,113,104,108,134,156,168,191,211,221,231,198,159,132,126,135,158,178,198,214,227,234,222,190,150,119,105,98,110,131,150,167,187,198,203,181,158,138,138,141,153,171,186,203,227,240,234,208,170,145,129,125,134,148,162,182,201,214,210,173,137,103,84,82,99,122,140,158,175,187,175,152,131,116,113,116,135,155,172,187,203,215,207,186,156,143,144,152,176,196,208,219,232,248,251,204,159,141,142,151,167,184,197,202,218,221,221,177,135,101,87,91,120,140,148,163,179,183,168,141,103,73,63,76,102,135,159,178,200,206,196,167,135,99,92,109,143,177,200,215,235,239,236,195,156,116,99,99,113,130,146,160,177,188,183,148,123,105,100,105,127,152,175,198,219,233,226,201
"Pacific Region","Working Gas Inventory: Pacific Region",1,1,"billion cubic feet","NGWG_PAC","--","--","--","--","--","--","--","--","--","--","--","--","--","--","--","--","--","--","--","--","--","--","--","--",162,139,123,123,151,175,192,197,208,213,218,192,155,130,130,150,164,177,182,164,169,178,146,140,96,68,81,100,138,175,198,214,228,242,257,227,175,166,157,194,205,224,235,238,246,253,258,214,173,114,100,113,146,182,199,214,238,258,252,215,156,106,114,142,181,215,226,245,263,271,263,236,187,156,162,188,228,253,261,259,273,293,288,255,229,190,163,186,225,247,245,255,281,295,286,244,172,140,157,189,234,265,274,258,274,294,293,241,145,102,108,135,185,227,260,269,296,312,316,262,230,199,201,234,278,305,301,299,315,333,333,270,219,185,190,222,274,311,315,305,309,327,311,287,212,144,149,171,213,257,287,299,321,353,362,308,278,260,259,286,325,357,366,345,351,376,381,348,272,249,256,271,309,338,361,366,378,387,368,271,198,115,105,144,200,249,275,303,318,346,339,323,276,273,276,294,325,336,344,348,359,380,369,320,276,263,266,287,306,316,316,315,321,331,328,271,210,201,219,238,270,288,295,297,314,318,311,264,216,181,169,190,226,253,244,246,263,264,252,214,171,111,115,158,214,259,272,276,294,292,283,245,210,199,200,227,276,308,311,307,318,320,316,282,260,209,196,215,256,289,302,304,321,332,326,276,211,194,199,229,277,316,335,341,359,381,373,332
"Alaska","Working Gas Inventory: Alaska",1,1,"billion cubic feet","NGWG_AK","--","--","--","--","--","--","--","--","--","--","--","--","--","--","--","--","--","--","--","--","--","--","--","--","--","--","--","--","--","--","--","--","--","--","--","--","--","--","--","--","--","--","--","--","--","--","--","--","--","--","--","--","--","--","--","--","--","--","--","--","--","--","--","--","--","--","--","--","--","--","--","--","--","--","--","--","--","--","--","--","--","--","--","--","--","--","--","--","--","--","--","--","--","--","--","--","--","--","--","--","--","--","--","--","--","--","--","--","--","--","--","--","--","--","--","--","--","--","--","--","--","--","--","--","--","--","--","--","--","--","--","--","--","--","--","--","--","--","--","--","--","--","--","--","--","--","--","--","--","--","--","--","--","--","--","--","--","--","--","--","--","--","--","--","--","--","--","--","--","--","--","--","--","--","--","--","--","--","--","--","--","--","--","--","--","--","--","--","--","--","--","--",9,14,14,14,15,16,17,19,20,22,21,20,20,20,21,20,21,22,23,23,24,24,24,25,25,25,24,24,24,24,25,25,25,25,24,24,24,25,25,27,29,30,32,34,36,35,34,33,30,29,27,28,30,32,35,37,39,39,37,36,34,32,31,31,31,33,35,37,38,39,39,37,34,31,30,30,31,33,34,36,37,36,35,33,28,26,23,23,24,25,27,29,31,31,30,28,24,21,21,21,21,21,21,21,21,21,21,21,21,21,21,21,21,21,21,21,21,21,21,21